{"type":"FeatureCollection","features":[{"type":"Feature","geometry":{"type":"LineString","coordinates":[[-98.410953,29.551093,0],[-98.409665,29.552301],[-98.408464,29.5535,0],[-98.406466,29.555493,0],[-98.404012,29.557917,0],[-98.402361,29.559572,0],[-98.399644,29.562277,0],[-98.397615,29.564293,0],[-98.395878,29.566004,0],[-98.394204,29.567651,0],[-98.394751,29.568631,0],[-98.395743,29.570071,0],[-98.396335,29.571151,0],[-98.396923,29.571862,0],[-98.398894,29.574856,0],[-98.399688,29.575796,0],[-98.401541,29.578011,0],[-98.40231,29.57721,0],[-98.405267,29.574332,0],[-98.408223,29.5765,0],[-98.415628,29.582336,0],[-98.413776,29.584236,0],[-98.413252,29.584528,0],[-98.412571,29.584701,0],[-98.411598,29.584907,0],[-98.410672,29.585214,0],[-98.405644,29.587631,0],[-98.405056,29.587771,0],[-98.403109,29.587883,0],[-98.401082,29.588058,0],[-98.400255,29.588219,0],[-98.399688,29.588473,0],[-98.398571,29.589073,0],[-98.397706,29.589367,0],[-98.396692,29.589511,0],[-98.396635,29.587498,0],[-98.396112,29.586283,0],[-98.39446,29.583765,0],[-98.39185,29.579843,0],[-98.390203,29.57724,0],[-98.388009,29.573782,0],[-98.384705,29.568527,0],[-98.383702,29.566931,0],[-98.383467,29.566357,0],[-98.383216,29.565475,0],[-98.38276,29.562866,0],[-98.382404,29.562905,0],[-98.381845,29.562985,0],[-98.381357,29.563088,0],[-98.376978,29.565294,0],[-98.376508,29.565587,0],[-98.376169,29.56596,0],[-98.375996,29.566307,0],[-98.375529,29.567871,0],[-98.375268,29.56882,0],[-98.375177,29.569431,0],[-98.375151,29.570239,0],[-98.375012,29.570897,0],[-98.374692,29.571638,0],[-98.374333,29.572155,0],[-98.373523,29.573119,0],[-98.373081,29.573447,0],[-98.371491,29.574239,0],[-98.371136,29.574442,0],[-98.370886,29.574667,0],[-98.370568,29.574849,0],[-98.370293,29.574971,0],[-98.369593,29.573928,0],[-98.365224,29.576109,0],[-98.361768,29.57782,0],[-98.362424,29.57874,0],[-98.365327,29.583161,0],[-98.361879,29.585586,0],[-98.358947,29.58765,0],[-98.357025,29.588961,0],[-98.356031,29.589537,0],[-98.355033,29.590057,0],[-98.35235,29.591376,0],[-98.350979,29.592064,0],[-98.351886,29.593321,0],[-98.351839,29.593542,0],[-98.351605,29.593977,0],[-98.351605,29.594684,0],[-98.35212,29.594723,0],[-98.352206,29.59474,0],[-98.35287,29.595451,0],[-98.353798,29.596464,0],[-98.353877,29.596678,0],[-98.353789,29.597415,0],[-98.354408,29.597398,0],[-98.354714,29.597292,0],[-98.355311,29.598483,0],[-98.356448,29.600044,0],[-98.356936,29.600178,0],[-98.357904,29.599428,0],[-98.357979,29.599105,0],[-98.354654,29.594246,0],[-98.352644,29.591232,0]]},"properties":{"name":"641 | Knollcreek","description":{"@type":"html","value":"Rolling Oaks Mall to Naco Pass via Knollcreek.<br><br>Estimated bus count: 3"},"styleUrl":"#line-01579B-4875","stroke-opacity":1,"stroke":"#01579b","stroke-width":4.875}},{"type":"Feature","geometry":{"type":"LineString","coordinates":[[-98.323129,29.498972,0],[-98.32248,29.498664,0],[-98.322022,29.498272,0],[-98.321628,29.497703,0],[-98.327411,29.495158,0],[-98.334419,29.491609,0],[-98.336522,29.494747,0],[-98.337423,29.495718,0],[-98.338335,29.496335,0],[-98.33929,29.496764,0],[-98.340556,29.497063,0],[-98.341811,29.497063,0],[-98.343077,29.496802,0],[-98.34532,29.49598,0],[-98.346468,29.495914,0],[-98.347712,29.496204,0],[-98.348667,29.496746,0],[-98.350909,29.499183,0],[-98.351972,29.499706,0],[-98.3594,29.501574,0],[-98.359138,29.50239,0],[-98.358454,29.50347,0],[-98.358157,29.504382,0],[-98.356805,29.512032,0],[-98.356441,29.516566,0],[-98.355604,29.518151,0],[-98.355116,29.517984,0],[-98.351039,29.517757,0],[-98.348665,29.51775,0],[-98.345841,29.517052,0],[-98.34576,29.518621,0],[-98.346178,29.520103,0],[-98.346559,29.521035,0],[-98.34659,29.521712,0],[-98.345498,29.522046,0],[-98.344851,29.522488,0],[-98.345122,29.523009,0],[-98.345596,29.524547,0],[-98.345821,29.52515,0],[-98.346415,29.525869,0],[-98.352933,29.530448,0],[-98.354918,29.531494,0],[-98.35583,29.532063,0],[-98.366945,29.542732,0],[-98.367319,29.543147,0],[-98.367834,29.544371,0],[-98.369334,29.545993,0],[-98.370876,29.548071,0],[-98.371303,29.548527,0],[-98.371798,29.548856,0],[-98.372435,29.549073,0],[-98.373128,29.549197,0],[-98.373922,29.549201,0],[-98.374898,29.549117,0],[-98.378008,29.548211,0],[-98.381996,29.546241,0],[-98.387991,29.5432,0],[-98.389246,29.541828,0],[-98.390172,29.540044,0],[-98.391642,29.538327,0],[-98.394109,29.536189,0],[-98.395626,29.535578,0],[-98.397332,29.5354,0],[-98.398651,29.535092,0],[-98.402438,29.534766,0],[-98.403511,29.534831,0],[-98.405829,29.535615,0],[-98.407417,29.535839,0],[-98.40909,29.535904,0],[-98.412255,29.535848,0],[-98.413073,29.535913,0],[-98.413837,29.536063,0],[-98.415437,29.536679,0],[-98.417448,29.537874,0],[-98.41858,29.538751,0],[-98.419186,29.539377,0],[-98.421536,29.541225,0],[-98.421932,29.541451,0],[-98.422834,29.541806,0],[-98.424277,29.542212,0],[-98.425806,29.542982,0],[-98.426787,29.543837,0],[-98.427479,29.544233,0],[-98.431867,29.546053,0],[-98.432586,29.546198,0],[-98.433262,29.546267,0],[-98.437047,29.546278,0],[-98.439278,29.546577,0],[-98.441853,29.547165,0],[-98.442706,29.547235,0],[-98.445565,29.547179,0],[-98.449369,29.547123,0],[-98.450522,29.546964,0],[-98.451423,29.546726,0],[-98.459014,29.544369,0],[-98.460592,29.544032,0],[-98.461772,29.543918,0],[-98.463082,29.543906,0],[-98.464252,29.544013,0],[-98.46551,29.544245,0],[-98.466438,29.544494,0],[-98.467275,29.544834,0],[-98.469142,29.546063,0],[-98.470376,29.547132,0],[-98.472329,29.548525,0],[-98.470695,29.550165,0],[-98.469116,29.551682,0],[-98.468833,29.551455,0],[-98.468342,29.551869,0],[-98.468564,29.552068,0],[-98.470695,29.550165,0],[-98.472329,29.548525,0],[-98.474335,29.549923,0],[-98.475719,29.550735,0],[-98.476282,29.551248,0],[-98.477446,29.55269,0],[-98.478208,29.553315,0],[-98.479265,29.5538,0],[-98.480622,29.554038,0],[-98.48214,29.553982,0],[-98.483556,29.553964,0],[-98.484586,29.55415,0],[-98.4867,29.554878,0],[-98.487413,29.555317,0],[-98.489505,29.557053,0],[-98.490487,29.55772,0],[-98.491908,29.558187,0],[-98.493657,29.558318,0],[-98.497648,29.55828,0],[-98.498786,29.558369,0],[-98.500765,29.558905,0],[-98.502364,29.559587,0],[-98.503656,29.560114,0],[-98.507433,29.56114,0],[-98.508881,29.561196,0],[-98.509837,29.561064,0],[-98.511828,29.560474,0],[-98.513507,29.560114,0],[-98.515001,29.559624,0],[-98.517817,29.558336,0],[-98.519072,29.557986,0],[-98.520301,29.557864,0],[-98.521792,29.558056,0],[-98.528991,29.559885,0],[-98.530418,29.559969,0],[-98.53207,29.55968,0],[-98.533025,29.559288,0],[-98.535278,29.557496,0],[-98.539755,29.552797,0],[-98.541935,29.550776,0],[-98.552552,29.540611,0],[-98.555771,29.537456,0],[-98.558505,29.53477,0],[-98.564593,29.528777,0],[-98.571679,29.521784,0],[-98.57376,29.519571,0],[-98.575143,29.517744,0],[-98.578988,29.512576,0],[-98.579764,29.51155,0],[-98.580218,29.510337,0],[-98.580681,29.509111,0],[-98.581359,29.507707,0],[-98.582527,29.50606,0],[-98.583962,29.504576,0],[-98.589009,29.499486,0],[-98.589937,29.498791,0],[-98.591563,29.498081,0],[-98.592485,29.49745,0],[-98.594488,29.495485,0],[-98.599737,29.490237,0],[-98.604157,29.484964,0],[-98.604952,29.484095,0],[-98.605811,29.483572,0],[-98.606647,29.483535,0],[-98.60714,29.483359,0],[-98.612311,29.478325,0],[-98.614051,29.476676,0],[-98.61507,29.476378,0],[-98.616325,29.476153,0],[-98.617216,29.475546,0],[-98.619705,29.473292,0],[-98.620306,29.472964,0],[-98.622559,29.472068,0],[-98.62316,29.47162,0],[-98.623866,29.470745,0],[-98.624212,29.470158,0],[-98.624362,29.469406,0],[-98.624233,29.468775,0],[-98.62377,29.467784,0],[-98.624984,29.467248,0],[-98.625858,29.467061,0],[-98.625819,29.466358,0],[-98.624918,29.464508,0],[-98.622402,29.465536,0],[-98.621936,29.466068,0],[-98.622998,29.46653,0],[-98.623389,29.467067,0],[-98.623835,29.467922,0]]},"properties":{"name":"535 | Wurzback Parkway Skip","description":{"@type":"html","value":"Ventura to Ingram TC via Wurzbach Parkway and Wurzbach Road.<br><br>Along O'Connor Road, Wurzbach Parkway, and Wurzbach Road, limited stop service at stops indicated on the \"Express Stops\" layer. Local service south of O'Connor Road.<br><br>Estimated bus count: 7"},"styleUrl":"#line-01579B-4875","stroke-opacity":1,"stroke":"#01579b","stroke-width":4.875}},{"type":"Feature","geometry":{"type":"LineString","coordinates":[[-98.541935,29.550776,0],[-98.539918,29.552403,0],[-98.534897,29.557336,0],[-98.533138,29.55895,0],[-98.5317,29.559641,0],[-98.530048,29.559837,0],[-98.528835,29.559706,0],[-98.520542,29.557616,0],[-98.519222,29.557578,0],[-98.517935,29.557858,0],[-98.514759,29.559277,0],[-98.5138,29.559342,0],[-98.512733,29.559049,0],[-98.512197,29.558992,0],[-98.511247,29.559184,0],[-98.510372,29.559963,0],[-98.51004,29.5607,0],[-98.509728,29.560906,0],[-98.50858,29.561064,0],[-98.50717,29.560915,0],[-98.503608,29.559954,0],[-98.501784,29.559133,0],[-98.500668,29.558442,0],[-98.498973,29.558003,0],[-98.49716,29.557817,0],[-98.492353,29.557835,0],[-98.491098,29.557481,0],[-98.490132,29.556874,0],[-98.488866,29.556137,0],[-98.487418,29.555036,0],[-98.486195,29.554513,0],[-98.484698,29.554032,0],[-98.483569,29.55383,0],[-98.482,29.553865,0],[-98.48067,29.553925,0],[-98.479296,29.553664,0],[-98.478352,29.553206,0],[-98.477537,29.55259,0],[-98.476389,29.551153,0],[-98.475251,29.550089,0],[-98.472639,29.548211,0],[-98.470695,29.550165,0],[-98.468638,29.552138,0],[-98.468342,29.551869,0],[-98.468822,29.551464,0],[-98.469116,29.551682,0],[-98.470695,29.550165,0],[-98.472639,29.548211,0],[-98.470598,29.546791,0],[-98.46898,29.545803,0],[-98.467832,29.545009,0],[-98.467283,29.544662,0],[-98.466556,29.544382,0],[-98.465601,29.54412,0],[-98.464265,29.543892,0],[-98.463081,29.543786,0],[-98.46177,29.543794,0],[-98.460556,29.543904,0],[-98.459007,29.544224,0],[-98.456632,29.544962,0],[-98.451275,29.546631,0],[-98.450418,29.546838,0],[-98.449304,29.546974,0],[-98.442679,29.547093,0],[-98.441987,29.547046,0],[-98.441204,29.546901,0],[-98.438521,29.546328,0],[-98.437521,29.546188,0],[-98.436494,29.546127,0],[-98.433221,29.546146,0],[-98.432596,29.546078,0],[-98.431886,29.545903,0],[-98.42945,29.544916,0],[-98.427529,29.544125,0],[-98.426881,29.54377,0],[-98.426009,29.543,0],[-98.424982,29.542155,0],[-98.424017,29.541746,0],[-98.422424,29.54126,0],[-98.421598,29.540747,0],[-98.420358,29.539777,0],[-98.419779,29.539132,0],[-98.419299,29.538653,0],[-98.419066,29.538805,0],[-98.418004,29.538012,0],[-98.416963,29.537447,0],[-98.415434,29.536486,0],[-98.413787,29.535664,0],[-98.412382,29.535468,0],[-98.40661,29.535576,0],[-98.405558,29.535403,0],[-98.403643,29.534689,0],[-98.402543,29.534554,0],[-98.398359,29.534997,0],[-98.396884,29.53502,0],[-98.395634,29.535156,0],[-98.394245,29.535646,0],[-98.39322,29.536304,0],[-98.390817,29.538894,0],[-98.389708,29.540463,0],[-98.38888,29.54203,0],[-98.388092,29.542894,0],[-98.386788,29.543664,0],[-98.380128,29.546913,0],[-98.378049,29.547985,0],[-98.377515,29.548195,0],[-98.375646,29.548748,0],[-98.374857,29.548967,0],[-98.373162,29.549101,0],[-98.372435,29.549073,0],[-98.371798,29.548856,0],[-98.371303,29.548527,0],[-98.370876,29.548071,0],[-98.369334,29.545993,0],[-98.367834,29.544371,0],[-98.367529,29.543566,0],[-98.367319,29.543147,0],[-98.366945,29.542732,0]]},"properties":{"name":"535 | Wurzbach Parkway Skip","description":{"@type":"html","value":"Ventura to Ingram TC via Wurzbach Parkway and Wurzbach Road.<br><br>Along O'Connor Road, Wurzbach Parkway, and Wurzbach Road, limited stop service at stops indicated on the \"Express Stops\" layer. Local service south of O'Connor Road.<br><br>Estimated bus count: 7"},"styleUrl":"#line-01579B-4875","stroke-opacity":1,"stroke":"#01579b","stroke-width":4.875}},{"type":"Feature","geometry":{"type":"LineString","coordinates":[[-98.490974,29.431515,0],[-98.491244,29.431151,0],[-98.491373,29.430693,0],[-98.491346,29.427544,0],[-98.489769,29.427567,0],[-98.489715,29.430221,0],[-98.48986,29.430457,0],[-98.490974,29.431515,0],[-98.485365,29.434795,0],[-98.484963,29.435393,0],[-98.484783,29.436215,0],[-98.484907,29.437159,0],[-98.484654,29.439186,0],[-98.485882,29.440851,0],[-98.486204,29.444138,0],[-98.486086,29.445028,0],[-98.486718,29.447158,0],[-98.487824,29.448157,0],[-98.487813,29.4494,0],[-98.4872,29.450244,0],[-98.483949,29.453468,0],[-98.480797,29.455489,0],[-98.480196,29.456218,0],[-98.479553,29.456666,0],[-98.478233,29.456642,0],[-98.475704,29.456012,0],[-98.474505,29.455828,0],[-98.473225,29.455178,0],[-98.471804,29.454305,0],[-98.471227,29.454209,0],[-98.469376,29.453149,0],[-98.468952,29.452705,0],[-98.46693,29.45271,0],[-98.466968,29.454723,0],[-98.461314,29.454704,0],[-98.460943,29.454564,0],[-98.460887,29.466916,0],[-98.460704,29.468251,0],[-98.459975,29.471376,0],[-98.45932,29.472852,0],[-98.459288,29.473599,0],[-98.459266,29.486012,0],[-98.459298,29.495408,0],[-98.459089,29.500265,0],[-98.459062,29.504837,0],[-98.458707,29.505299,0],[-98.458207,29.506056,0],[-98.452467,29.51524,0],[-98.446378,29.521654,0],[-98.442977,29.524521,0],[-98.441894,29.525043,0],[-98.439257,29.526006,0],[-98.439398,29.526298,0],[-98.439626,29.526547,0],[-98.448344,29.532808,0],[-98.447484,29.533658,0],[-98.447258,29.53446,0],[-98.447495,29.535459,0],[-98.448997,29.53756,0],[-98.438965,29.544187,0],[-98.435316,29.546574,0],[-98.433759,29.547626,0],[-98.432162,29.549192,0],[-98.430226,29.551234,0],[-98.427206,29.554836,0],[-98.421735,29.561462,0],[-98.419181,29.564728,0],[-98.418977,29.565587,0],[-98.419181,29.566623,0],[-98.419571,29.567905,0],[-98.419668,29.569221,0],[-98.419334,29.570363,0],[-98.418776,29.571445,0],[-98.418262,29.572386,0],[-98.418079,29.573609,0],[-98.418369,29.574766,0],[-98.420257,29.579133,0],[-98.421417,29.581847,0],[-98.422029,29.58265,0],[-98.423134,29.584161,0],[-98.423413,29.58502,0],[-98.423606,29.58669,0],[-98.423582,29.588264,0],[-98.424365,29.593385,0],[-98.424172,29.59444,0],[-98.423131,29.59541,0],[-98.421361,29.596007,0],[-98.419813,29.596401,0],[-98.420005,29.59707,0]]},"properties":{"name":"12 | North New Braunfels","description":{"@type":"html","value":"Bulverde Marketplace TC to Downtown via Wetmore, North New Braunfels, and North St. Mary's.<br><br>Estimated bus count: 5"},"styleUrl":"#line-01579B-4875","stroke-opacity":1,"stroke":"#01579b","stroke-width":4.875}},{"type":"Feature","geometry":{"type":"LineString","coordinates":[[-98.353295,29.59513,0],[-98.353483,29.595332,0],[-98.352759,29.595833,0],[-98.352914,29.59476,0],[-98.352403,29.594266,0],[-98.352207,29.594235,0],[-98.352212,29.593982,0],[-98.352365,29.593735,0],[-98.352488,29.593757,0],[-98.352566,29.593827,0],[-98.353451,29.595126,0],[-98.355584,29.59729,0],[-98.356791,29.599016,0],[-98.358067,29.600779,0],[-98.358781,29.601497,0],[-98.359795,29.602174,0],[-98.360508,29.602519,0],[-98.361608,29.602841,0],[-98.36296,29.602976,0],[-98.369848,29.602855,0],[-98.379482,29.602654,0],[-98.385378,29.60299,0],[-98.387979,29.602943,0],[-98.382765,29.595056,0],[-98.37724,29.586669,0],[-98.37709,29.586048,0],[-98.37709,29.585451,0],[-98.376966,29.584784,0],[-98.376065,29.583398,0],[-98.367412,29.570368,0],[-98.366586,29.56852,0],[-98.365502,29.566878,0],[-98.364387,29.565805,0],[-98.363711,29.564788,0],[-98.361168,29.56112,0],[-98.363271,29.56008,0],[-98.364134,29.55979,0],[-98.367831,29.557914,0],[-98.368469,29.557336,0],[-98.373855,29.550611,0],[-98.374155,29.549986,0],[-98.374209,29.549099,0],[-98.374885,29.549053,0],[-98.377916,29.548166,0],[-98.378897,29.54769,0],[-98.382314,29.545977,0],[-98.382304,29.548749,0],[-98.389755,29.548889,0],[-98.390442,29.548768,0],[-98.391085,29.548362,0],[-98.391579,29.548003,0],[-98.392228,29.547839,0],[-98.392925,29.547895,0],[-98.393666,29.548301,0],[-98.396975,29.550854,0],[-98.397206,29.550597,0],[-98.397608,29.55041,0],[-98.39793,29.550256,0],[-98.40117,29.547092,0],[-98.401578,29.546836,0],[-98.402189,29.546556,0],[-98.402736,29.546131,0],[-98.403037,29.545762,0],[-98.403455,29.545188,0],[-98.404571,29.544068,0],[-98.405113,29.543634,0],[-98.409658,29.540251,0],[-98.41012,29.540022,0],[-98.410425,29.539966,0],[-98.410951,29.539952,0],[-98.410948,29.536008,0],[-98.412233,29.535984,0],[-98.41304,29.536046,0],[-98.413794,29.536188,0],[-98.415408,29.536824,0],[-98.417348,29.537981,0],[-98.41845,29.538839,0],[-98.419054,29.539459,0],[-98.421464,29.541339,0],[-98.421863,29.541577,0],[-98.422872,29.541951,0],[-98.424185,29.542332,0],[-98.42572,29.543098,0],[-98.426682,29.543936,0],[-98.427428,29.544354,0],[-98.431793,29.546181,0],[-98.43328,29.546414,0],[-98.436442,29.546382,0],[-98.437037,29.546393,0],[-98.438232,29.546558,0],[-98.439251,29.546701,0],[-98.441805,29.547284,0],[-98.442707,29.547367,0],[-98.449318,29.547254,0],[-98.450597,29.547074,0],[-98.451983,29.54672,0],[-98.454217,29.546051,0],[-98.454443,29.54611,0],[-98.454647,29.546225,0],[-98.45482,29.546502,0],[-98.455068,29.546711,0],[-98.455468,29.546904,0],[-98.455935,29.546983,0],[-98.458029,29.546944,0],[-98.458861,29.547009,0],[-98.459736,29.547144,0],[-98.460498,29.547376,0],[-98.461186,29.547719,0],[-98.461918,29.548181,0],[-98.467893,29.55263,0],[-98.468462,29.552139,0],[-98.468241,29.551974,0],[-98.468595,29.551656,0]]},"properties":{"name":"640 | Valley Forge","description":{"@type":"html","value":"Rolling Oaks Mall to Blossom P&R via Valley Forge and Wurzbach Parkway.<br><br>Estimated bus count: 4"},"styleUrl":"#line-01579B-4875","stroke-opacity":1,"stroke":"#01579b","stroke-width":4.875}},{"type":"Feature","geometry":{"type":"LineString","coordinates":[[-98.382765,29.595056,0],[-98.382006,29.595442,0],[-98.381507,29.595862,0],[-98.38104,29.596244,0],[-98.375842,29.598861,0],[-98.375574,29.59908,0],[-98.375327,29.599486,0],[-98.375032,29.599808,0],[-98.374324,29.600064,0],[-98.373884,29.600368,0],[-98.373626,29.600825,0],[-98.373594,29.6013,0],[-98.373777,29.601711,0],[-98.373836,29.602289,0],[-98.373066,29.602303,0],[-98.37198,29.602266,0],[-98.36974,29.602208,0],[-98.366961,29.602259,0],[-98.363771,29.602328,0],[-98.36243,29.602524,0],[-98.361829,29.602534,0],[-98.361279,29.602459,0],[-98.36066,29.6023,0],[-98.36007,29.602086,0],[-98.35941,29.601706,0],[-98.358723,29.601153,0],[-98.358195,29.600593,0],[-98.357122,29.599061,0],[-98.355996,29.597155,0],[-98.352345,29.591875,0],[-98.351785,29.592163,0],[-98.352478,29.593236,0],[-98.352392,29.593695,0],[-98.352212,29.593982,0],[-98.352207,29.594235,0],[-98.352403,29.594266,0],[-98.353295,29.59513,0]]},"properties":{"name":"640 | Valley Forge","description":{"@type":"html","value":"Rolling Oaks Mall to Blossom P&R via Valley Forge and Wurzbach Parkway.<br><br>Estimated bus count: 4"},"styleUrl":"#line-01579B-4875","stroke-opacity":1,"stroke":"#01579b","stroke-width":4.875}},{"type":"Feature","geometry":{"type":"LineString","coordinates":[[-98.432213,29.529397,0],[-98.431759,29.5289,0],[-98.431243,29.527877,0],[-98.431258,29.527426,0],[-98.431572,29.527075,0],[-98.433032,29.52647,0],[-98.433462,29.526378,0],[-98.433947,29.527087,0],[-98.434182,29.527291,0],[-98.434444,29.5275,0],[-98.434829,29.528145,0],[-98.432812,29.529026,0],[-98.431612,29.52977,0],[-98.430491,29.53113,0],[-98.429469,29.533514,0],[-98.428735,29.534482,0],[-98.424669,29.537548,0],[-98.421672,29.540486,0],[-98.422584,29.54105,0],[-98.424269,29.541522,0],[-98.425228,29.541977,0],[-98.427039,29.543553,0],[-98.427624,29.543862,0],[-98.432044,29.54567,0],[-98.432649,29.545819,0],[-98.433223,29.545898,0],[-98.436551,29.545882,0],[-98.437527,29.545922,0],[-98.437986,29.545984,0],[-98.438229,29.545861,0],[-98.438254,29.545674,0],[-98.438211,29.545513,0],[-98.43808,29.54535,0],[-98.437876,29.545193,0],[-98.437592,29.545233,0],[-98.433869,29.547711,0],[-98.430859,29.550753,0],[-98.429158,29.552709,0],[-98.429722,29.55311,0],[-98.430054,29.55346,0],[-98.430585,29.554128,0],[-98.430789,29.554501,0],[-98.431004,29.554786,0],[-98.431385,29.555108,0],[-98.43212,29.555635,0],[-98.433434,29.556358,0],[-98.435166,29.557492,0],[-98.43684,29.558757,0],[-98.437135,29.559111,0],[-98.438015,29.561337,0],[-98.43831,29.561757,0],[-98.438594,29.561976,0],[-98.437259,29.56332,0],[-98.436867,29.563488,0],[-98.436599,29.563507,0],[-98.436511,29.563866,0],[-98.436242,29.564178,0],[-98.435829,29.564426,0],[-98.435352,29.564496,0],[-98.435094,29.564458,0],[-98.434987,29.564766,0],[-98.434687,29.565037,0],[-98.432578,29.566189,0],[-98.432246,29.56653,0],[-98.432026,29.566968,0],[-98.431962,29.56744,0],[-98.432026,29.567916,0],[-98.431994,29.568261,0],[-98.431801,29.56863,0],[-98.428845,29.571564,0],[-98.428555,29.571933,0],[-98.428308,29.572334,0],[-98.427895,29.572735,0],[-98.428577,29.573253,0],[-98.42899,29.573622,0],[-98.429312,29.574028,0],[-98.429644,29.574732,0],[-98.429918,29.575846,0],[-98.430261,29.577549,0],[-98.430224,29.578165,0],[-98.430036,29.578594,0],[-98.429687,29.579079,0],[-98.428792,29.579956,0],[-98.426603,29.582112,0],[-98.425894,29.582578,0],[-98.425111,29.58291,0],[-98.42371,29.583213,0],[-98.423297,29.583423,0],[-98.422946,29.58365,0],[-98.421556,29.581773,0],[-98.41853,29.574739,0],[-98.418245,29.5736,0],[-98.418407,29.57243,0],[-98.417374,29.572142,0],[-98.4168,29.572208,0],[-98.41481,29.573146,0],[-98.414268,29.573286,0],[-98.413576,29.573244,0],[-98.412868,29.573351,0],[-98.412251,29.573733,0],[-98.41048,29.575208,0],[-98.408769,29.576043,0],[-98.4068,29.577685,0],[-98.404108,29.579952,0],[-98.403775,29.580396,0],[-98.403555,29.580787,0],[-98.403298,29.581067,0],[-98.402949,29.581263,0],[-98.402874,29.580881,0],[-98.402756,29.580153,0],[-98.40223,29.579304,0],[-98.401785,29.578655,0],[-98.401402,29.578073,0],[-98.399554,29.575862,0],[-98.391984,29.5797,0],[-98.384152,29.583684,0],[-98.378927,29.586409,0],[-98.360523,29.595745,0],[-98.36026,29.595731,0],[-98.360029,29.59546,0],[-98.35618,29.589772,0],[-98.355387,29.590188,0],[-98.352867,29.591447,0],[-98.35156,29.592108,0],[-98.352323,29.593224,0],[-98.35225,29.593649,0],[-98.352049,29.593981,0],[-98.352043,29.594351,0],[-98.352324,29.594389,0],[-98.353163,29.595198,0],[-98.354158,29.596285,0],[-98.354327,29.596672,0],[-98.354278,29.597036,0],[-98.354332,29.597038,0],[-98.35497,29.596823,0],[-98.355678,29.598274,0],[-98.356705,29.599748,0],[-98.356867,29.599781,0],[-98.357502,29.59929,0],[-98.35753,29.599124,0],[-98.3524,29.591684,0]]},"properties":{"name":"643 | Salado Creek / Rolling Oaks","description":{"@type":"html","value":"Rolling Oaks Mall to Salado Creek via Stahl Road and Green Spring Valley.<br><br>Estimated bus count: 4"},"styleUrl":"#line-01579B-4875","stroke-opacity":1,"stroke":"#01579b","stroke-width":4.875}},{"type":"Feature","geometry":{"type":"LineString","coordinates":[[-98.589974,29.507532,0],[-98.590851,29.508169,0],[-98.589512,29.509535,0],[-98.588348,29.510404,0],[-98.587195,29.511029,0],[-98.586031,29.511341,0],[-98.584686,29.511493,0],[-98.583355,29.51139,0],[-98.580111,29.510608,0],[-98.578988,29.512576,0],[-98.578238,29.513548,0],[-98.574719,29.510896,0],[-98.57437,29.51048,0],[-98.574134,29.510046,0],[-98.574016,29.509122,0],[-98.573115,29.509304,0],[-98.572171,29.509804,0],[-98.571404,29.510536,0],[-98.570111,29.51179,0],[-98.569339,29.512588,0],[-98.568158,29.514016,0],[-98.567745,29.514348,0],[-98.567276,29.51466,0],[-98.566662,29.515331,0],[-98.566357,29.515506,0],[-98.565978,29.515604,0],[-98.565525,29.515593,0],[-98.565139,29.515499,0],[-98.564707,29.515506,0],[-98.564377,29.51559,0],[-98.564023,29.515828,0],[-98.563776,29.51616,0],[-98.56357,29.51673,0],[-98.563374,29.517091,0],[-98.563154,29.517369,0],[-98.562264,29.51823,0],[-98.561851,29.518496,0],[-98.561486,29.518676,0],[-98.561234,29.518858,0],[-98.56056,29.519505,0],[-98.559273,29.518499,0],[-98.558769,29.518216,0],[-98.558106,29.51788,0],[-98.557562,29.517441,0],[-98.557074,29.5168,0],[-98.556746,29.515843,0],[-98.556673,29.514559,0],[-98.556539,29.512062,0],[-98.556266,29.511413,0],[-98.555724,29.510848,0],[-98.554887,29.510456,0],[-98.554179,29.510143,0],[-98.553567,29.509765,0],[-98.552651,29.51079,0],[-98.54891,29.514563,0],[-98.547604,29.513557,0],[-98.546957,29.512779,0],[-98.546197,29.512371,0],[-98.544278,29.512243,0],[-98.544496,29.509512,0],[-98.544142,29.508606,0],[-98.54327,29.508996,0],[-98.542618,29.509194,0],[-98.540826,29.510077,0],[-98.540407,29.510436,0],[-98.538777,29.51269,0],[-98.538466,29.512929,0],[-98.537951,29.513045,0],[-98.535274,29.51302,0],[-98.535263,29.518944,0],[-98.533091,29.519166,0],[-98.532383,29.519086,0],[-98.531771,29.518829,0],[-98.528445,29.516621,0],[-98.520718,29.511483,0],[-98.491878,29.492441,0],[-98.491879,29.488324,0],[-98.487201,29.488167,0],[-98.48645,29.488317,0],[-98.485613,29.488826,0],[-98.48307,29.490927,0],[-98.482392,29.491284,0],[-98.48059,29.492148,0],[-98.480038,29.492727,0],[-98.479802,29.493287,0],[-98.479694,29.494329,0],[-98.479576,29.495496,0],[-98.479379,29.496128,0],[-98.479046,29.496558,0],[-98.478569,29.496922,0],[-98.479062,29.497076,0],[-98.479502,29.497193,0],[-98.480008,29.497374,0],[-98.480362,29.497612,0],[-98.480791,29.497236,0],[-98.480834,29.497012,0],[-98.48081,29.495632,0],[-98.480872,29.49545,0],[-98.480915,29.495301,0],[-98.480888,29.495142,0],[-98.480799,29.495014,0],[-98.480735,29.494841,0],[-98.480708,29.493891,0],[-98.480744,29.493656,0],[-98.480916,29.493275,0],[-98.481376,29.492319,0],[-98.481456,29.492227,0],[-98.481545,29.492168,0],[-98.481543,29.492088,0],[-98.481595,29.492019,0],[-98.481696,29.491997,0],[-98.481732,29.49196,0],[-98.481832,29.491546,0]]},"properties":{"name":"602 | Jackson Keller","description":{"@type":"html","value":"Alamo Quarry Market to Medical Center TC via Jackson Keller and Callaghan.<br><br>Estimated bus count: 3"},"styleUrl":"#line-01579B-4875","stroke-opacity":1,"stroke":"#01579b","stroke-width":4.875}},{"type":"Feature","geometry":{"type":"LineString","coordinates":[[-98.599686,29.407882,0],[-98.602014,29.407685,0],[-98.604366,29.4074,0],[-98.607671,29.406798,0],[-98.608942,29.406517,0],[-98.61075,29.406082,0],[-98.620749,29.404232,0],[-98.621876,29.404031,0],[-98.622675,29.403947,0],[-98.623448,29.403788,0],[-98.624483,29.403559,0],[-98.625271,29.403358,0],[-98.625958,29.403269,0],[-98.627165,29.403115,0],[-98.629305,29.402732,0],[-98.630499,29.402457,0],[-98.631711,29.402102,0],[-98.632805,29.40185,0],[-98.63302,29.402588,0],[-98.63324,29.402868,0],[-98.633454,29.40305,0],[-98.631389,29.405766,0],[-98.63103,29.405579,0],[-98.630568,29.405513,0],[-98.62919,29.405527,0],[-98.629206,29.404588,0],[-98.629037,29.404022,0],[-98.628036,29.402013,0],[-98.62702,29.402222,0],[-98.625923,29.402368,0],[-98.623042,29.402233,0],[-98.622423,29.402288,0],[-98.621803,29.402448,0],[-98.619099,29.403794,0],[-98.618128,29.404041,0],[-98.616624,29.404302,0],[-98.615202,29.404648,0],[-98.610178,29.405621,0],[-98.609508,29.4057,0],[-98.608757,29.405738,0],[-98.607971,29.40584,0],[-98.60336,29.406719,0],[-98.602507,29.406808,0],[-98.599578,29.406962,0],[-98.599694,29.440144,0],[-98.599825,29.44108,0],[-98.600308,29.441893,0],[-98.602368,29.44549,0],[-98.602622,29.446032,0],[-98.602719,29.446713,0],[-98.602517,29.466398,0],[-98.602504,29.473497,0],[-98.602249,29.474122,0],[-98.601798,29.474552,0],[-98.601348,29.47473,0],[-98.600509,29.475005,0],[-98.585973,29.478624,0],[-98.585098,29.479001,0],[-98.58447,29.479365,0],[-98.583677,29.480156,0],[-98.569956,29.49368,0],[-98.562008,29.501542,0],[-98.554016,29.509554,0],[-98.552668,29.511067,0],[-98.546254,29.517528,0],[-98.537987,29.525717,0],[-98.53892,29.527327,0],[-98.539542,29.52807,0],[-98.543254,29.531228,0],[-98.544478,29.532555,0],[-98.53242,29.544252,0],[-98.526768,29.539895,0],[-98.52195,29.544638,0],[-98.523613,29.545898,0],[-98.523908,29.546248,0],[-98.524042,29.546691,0],[-98.523771,29.547645,0],[-98.523814,29.548182,0],[-98.523946,29.548539,0],[-98.524278,29.548978,0],[-98.523532,29.549594,0],[-98.52283,29.549958,0],[-98.522271,29.550121,0],[-98.521369,29.550149,0],[-98.52059,29.550025,0],[-98.519989,29.549722,0],[-98.518863,29.548565,0],[-98.518138,29.548033,0],[-98.517357,29.547722,0],[-98.516681,29.547498,0],[-98.516144,29.547097,0],[-98.515672,29.546602,0],[-98.515505,29.546367,0],[-98.514201,29.545471,0],[-98.513734,29.545307,0],[-98.512291,29.544971,0],[-98.511701,29.544631,0],[-98.511143,29.544183,0],[-98.504826,29.550196,0],[-98.495337,29.55978,0],[-98.486652,29.568346,0],[-98.472651,29.557353,0],[-98.472018,29.55669,0],[-98.471745,29.555897,0],[-98.471112,29.555197,0],[-98.469571,29.554027,0],[-98.468,29.552849,0],[-98.468723,29.552133,0],[-98.468372,29.551839,0],[-98.468798,29.551482,0],[-98.469115,29.55174,0],[-98.468666,29.552192,0]]},"properties":{"name":"530 | Callaghan","description":{"@type":"html","value":"Blossom P&R to Kel-Lac TC via Callaghan.<br><br>Estimated bus count: 6"},"styleUrl":"#line-01579B-4875","stroke-opacity":1,"stroke":"#01579b","stroke-width":4.875}},{"type":"Feature","geometry":{"type":"LineString","coordinates":[[-98.534963,29.485136,0],[-98.538144,29.485122,0],[-98.539067,29.485202,0],[-98.539952,29.485388,0],[-98.540874,29.485669,0],[-98.541636,29.48601,0],[-98.542291,29.486364,0],[-98.542956,29.486799,0],[-98.543728,29.487452,0],[-98.544458,29.488298,0],[-98.545064,29.489166,0],[-98.545587,29.490049,0],[-98.545978,29.490894,0],[-98.546408,29.49202,0],[-98.546644,29.492897,0],[-98.548006,29.492599,0],[-98.548886,29.492405,0],[-98.549127,29.492461,0],[-98.54928,29.492627,0],[-98.549213,29.492853,0],[-98.549111,29.493298,0],[-98.548741,29.493352,0],[-98.548516,29.493571,0],[-98.548438,29.493814,0],[-98.548245,29.494017,0],[-98.548116,29.494206,0],[-98.547832,29.494281,0],[-98.547167,29.49196,0],[-98.546464,29.490144,0],[-98.545756,29.488785,0],[-98.545032,29.487786,0],[-98.544511,29.487239,0],[-98.54375,29.486525,0],[-98.5431,29.486086,0],[-98.542328,29.485614,0],[-98.541443,29.485189,0],[-98.540456,29.48483,0],[-98.539485,29.484582,0],[-98.538514,29.484419,0],[-98.537334,29.484368,0],[-98.534952,29.484382,0],[-98.534979,29.486534,0],[-98.528783,29.486525,0],[-98.527871,29.486604,0],[-98.525999,29.4866,0],[-98.525993,29.48857,0],[-98.51955,29.488534,0],[-98.518998,29.488654,0],[-98.518316,29.488707,0],[-98.508709,29.488636,0],[-98.508162,29.488552,0],[-98.507438,29.488225,0],[-98.507003,29.488169,0],[-98.506193,29.488169,0],[-98.491699,29.488169,0],[-98.487316,29.487996,0],[-98.486517,29.488094,0],[-98.485884,29.488397,0],[-98.485283,29.488841,0],[-98.482963,29.490815,0],[-98.482355,29.491153,0],[-98.480451,29.492069,0],[-98.479887,29.492624,0],[-98.479613,29.493314,0],[-98.479378,29.495449,0],[-98.47917,29.496049,0],[-98.47887,29.496492,0],[-98.477789,29.497309,0],[-98.476893,29.497818,0],[-98.476099,29.498037,0],[-98.475353,29.498135,0],[-98.4745,29.498088,0],[-98.473508,29.49785,0],[-98.469329,29.496627,0],[-98.468642,29.496557,0],[-98.467838,29.496664,0],[-98.467296,29.496884,0],[-98.466937,29.497078,0],[-98.466719,29.497239,0],[-98.466665,29.490154,0],[-98.45912,29.490188,0],[-98.459088,29.483707,0],[-98.458664,29.48402,0],[-98.458058,29.484262,0],[-98.457109,29.484473,0],[-98.454378,29.484519,0],[-98.453515,29.484633,0],[-98.452678,29.48488,0],[-98.45174,29.485282,0],[-98.449111,29.486542,0],[-98.439058,29.491231,0],[-98.426081,29.497318,0],[-98.425244,29.497794,0],[-98.424043,29.498527,0],[-98.419805,29.501268,0],[-98.404337,29.512797,0],[-98.403795,29.513334,0],[-98.403296,29.513968,0],[-98.40144,29.516713,0],[-98.401137,29.517003,0],[-98.400314,29.517764,0],[-98.398825,29.519022,0],[-98.397736,29.519764,0],[-98.394577,29.521566,0],[-98.394121,29.521879,0],[-98.393734,29.522254,0],[-98.393445,29.522719,0],[-98.393294,29.523043,0],[-98.393158,29.523515,0],[-98.393118,29.523792,0],[-98.393091,29.524138,0],[-98.393053,29.52467,0],[-98.392948,29.524824,0],[-98.392766,29.524948,0],[-98.392576,29.524992,0],[-98.392332,29.524971,0],[-98.392136,29.524913,0],[-98.391444,29.524637,0],[-98.39186,29.524042,0],[-98.392564,29.524348,0],[-98.392698,29.523492,0],[-98.393505,29.523494,0],[-98.393744,29.52344,0],[-98.393934,29.522848,0],[-98.394039,29.52264,0],[-98.394246,29.522285,0],[-98.394511,29.52198,0],[-98.394948,29.521583,0],[-98.395378,29.521282,0],[-98.395823,29.521037,0],[-98.396791,29.520523,0],[-98.39791,29.519947,0],[-98.398977,29.519393,0],[-98.399651,29.519081,0],[-98.401851,29.51783,0],[-98.402307,29.517407,0],[-98.402618,29.516903,0],[-98.403031,29.515785,0],[-98.403815,29.513761,0],[-98.403979,29.513474,0],[-98.404188,29.513183,0],[-98.404507,29.512814,0],[-98.405108,29.512289,0],[-98.406339,29.5113,0]]},"properties":{"name":"505 | Basse","description":{"@type":"html","value":"Randolph TC to Crossroads P&R via Austin Highway and Basse.<br><br>Estimated bus count: 4"},"styleUrl":"#line-01579B-4875","stroke-opacity":1,"stroke":"#01579b","stroke-width":4.875}},{"type":"Feature","geometry":{"type":"LineString","coordinates":[[-98.488271,29.437156,0],[-98.492877,29.434461,0],[-98.491813,29.433138,0],[-98.487234,29.435834,0],[-98.490874,29.440481,0],[-98.491079,29.440768,0],[-98.491993,29.440768,0],[-98.500374,29.440784,0],[-98.500821,29.440982,0],[-98.501425,29.441255,0],[-98.50189,29.441464,0],[-98.502761,29.441738,0],[-98.503377,29.441926,0],[-98.503972,29.442348,0],[-98.508071,29.446564,0],[-98.507973,29.488644,0],[-98.507938,29.502109,0],[-98.507851,29.502543,0],[-98.507634,29.502847,0],[-98.507175,29.503276,0],[-98.507017,29.503561,0],[-98.506956,29.504045,0],[-98.506932,29.50468,0],[-98.506965,29.519954,0],[-98.506869,29.520471,0],[-98.50654,29.521259,0],[-98.50622,29.521792,0],[-98.505526,29.52252,0],[-98.50528,29.52286,0],[-98.505108,29.52315,0],[-98.50742,29.524928,0],[-98.516835,29.532242,0],[-98.526678,29.54,0],[-98.539472,29.549865,0],[-98.543013,29.552647,0],[-98.54459,29.553874,0],[-98.54592,29.554742,0],[-98.547128,29.555694,0],[-98.548356,29.556772,0],[-98.549794,29.557924,0],[-98.552444,29.559959,0],[-98.557878,29.564126,0],[-98.5585,29.564714,0],[-98.561788,29.567821,0],[-98.56292,29.568862,0],[-98.563586,29.569715,0],[-98.563977,29.570578,0],[-98.564122,29.571493,0],[-98.564063,29.572351,0],[-98.563677,29.573956,0],[-98.563666,29.574796,0],[-98.563891,29.575739,0],[-98.56417,29.576326,0],[-98.564519,29.576826,0],[-98.565308,29.577955,0],[-98.565522,29.578346,0],[-98.565678,29.578897,0],[-98.565973,29.579728,0],[-98.566327,29.580334,0],[-98.56674,29.58074,0],[-98.567212,29.581015,0],[-98.567754,29.58122,0],[-98.568274,29.581547,0],[-98.568671,29.581916,0],[-98.569111,29.582499,0],[-98.571621,29.585927,0],[-98.571793,29.586347,0],[-98.571954,29.586846,0],[-98.572705,29.588773,0],[-98.573016,29.58924,0],[-98.573451,29.589711,0],[-98.573998,29.590186,0],[-98.574626,29.590522,0],[-98.57513,29.590849,0],[-98.575774,29.591455,0],[-98.5766,29.592211,0],[-98.576884,29.592566,0],[-98.577098,29.592957,0],[-98.577233,29.593279,0],[-98.57602,29.593634,0],[-98.574824,29.594128,0],[-98.573392,29.594832,0],[-98.570302,29.596243,0],[-98.568773,29.596919,0],[-98.566896,29.597708,0],[-98.56497,29.598519,0],[-98.563548,29.599177,0],[-98.564901,29.601437,0],[-98.56893,29.608209,0],[-98.568045,29.608615,0],[-98.567465,29.609016,0],[-98.566902,29.609459,0],[-98.566146,29.609809,0],[-98.565341,29.610112,0],[-98.564675,29.61014,0],[-98.564155,29.609986,0],[-98.563339,29.609567,0],[-98.562637,29.609436,0],[-98.561945,29.609488,0],[-98.561082,29.609585,0],[-98.560154,29.609446,0],[-98.559478,29.609179,0],[-98.558807,29.608741,0],[-98.558356,29.60827,0],[-98.558121,29.607697,0],[-98.558142,29.607146,0],[-98.558394,29.606344,0],[-98.558416,29.605891,0],[-98.558254,29.60515,0],[-98.558276,29.604566,0],[-98.558217,29.604119,0],[-98.5579,29.603699,0],[-98.557364,29.603414,0],[-98.556731,29.603042,0],[-98.556366,29.602659,0],[-98.556195,29.602207,0],[-98.556167,29.601512,0],[-98.55845,29.601376,0],[-98.559845,29.601334,0],[-98.56147,29.601055,0],[-98.562903,29.600546,0],[-98.566245,29.599051,0],[-98.575109,29.594773,0],[-98.576863,29.594089,0],[-98.577473,29.593912,0],[-98.577233,29.593279,0]]},"properties":{"name":"1 | Lockhill-Selma","description":{"@type":"html","value":"Shavano Ranch to Downtown via Lockhill-Selma Road and Blanco Road.<br><br>Estimated bus count: 5"},"styleUrl":"#line-01579B-4875","stroke-opacity":1,"stroke":"#01579b","stroke-width":4.875}},{"type":"Feature","geometry":{"type":"LineString","coordinates":[[-98.59832,29.568951,0],[-98.59831,29.569903,0],[-98.59861,29.569903,0],[-98.598503,29.569217,0],[-98.598181,29.568601,0],[-98.597687,29.568312,0],[-98.597151,29.568307,0],[-98.5967,29.568373,0],[-98.595402,29.568373,0],[-98.595059,29.568489,0],[-98.594748,29.568671,0],[-98.594549,29.568387,0],[-98.594222,29.567356,0],[-98.594163,29.566945,0],[-98.594174,29.566366,0],[-98.593642,29.564612,0],[-98.593524,29.56401,0],[-98.593508,29.563054,0],[-98.591727,29.563082,0],[-98.591073,29.563203,0],[-98.589796,29.563506,0],[-98.588643,29.563917,0],[-98.58587,29.564903,0],[-98.581074,29.567078,0],[-98.576654,29.569084,0],[-98.57542,29.569784,0],[-98.57321,29.571239,0],[-98.55326,29.584713,0],[-98.550742,29.581859,0],[-98.546548,29.577157,0],[-98.545078,29.57544,0],[-98.544756,29.574945,0],[-98.543923,29.575531,0],[-98.543333,29.576184,0],[-98.542893,29.57666,0],[-98.5408,29.578731,0],[-98.540388,29.579314,0],[-98.540135,29.580112,0],[-98.539889,29.580686,0],[-98.539449,29.581302,0],[-98.538853,29.581792,0],[-98.533913,29.585211,0],[-98.533178,29.584138,0],[-98.531697,29.582015,0],[-98.531268,29.581544,0],[-98.527652,29.57882,0],[-98.527261,29.578694,0],[-98.526612,29.578474,0],[-98.526086,29.578069,0],[-98.52571,29.577663,0],[-98.524986,29.57679,0],[-98.524697,29.576249,0],[-98.524418,29.575391,0],[-98.524225,29.574794,0],[-98.523951,29.574369,0],[-98.523613,29.574019,0],[-98.518179,29.569981,0],[-98.514116,29.57405,0],[-98.513563,29.574813,0],[-98.513247,29.575871,0],[-98.513265,29.57692,0],[-98.513552,29.577864,0],[-98.514185,29.579199,0],[-98.513537,29.579202,0],[-98.51299,29.579127,0],[-98.512481,29.578959,0],[-98.511778,29.578642,0],[-98.511134,29.578539,0],[-98.510394,29.578595,0],[-98.509836,29.578763,0],[-98.509182,29.579206,0],[-98.507728,29.580648,0],[-98.507068,29.581007,0],[-98.506258,29.581278,0],[-98.505292,29.581474,0],[-98.50452,29.581492,0],[-98.503855,29.581343,0],[-98.503189,29.581016,0],[-98.502487,29.580456,0],[-98.499874,29.578474,0],[-98.486941,29.568336,0],[-98.473036,29.557454,0],[-98.472671,29.557151,0],[-98.472152,29.556644,0],[-98.471873,29.555813,0],[-98.471155,29.555039,0],[-98.469695,29.553913,0],[-98.4682,29.552817,0],[-98.469259,29.551746,0],[-98.468857,29.551431,0],[-98.468304,29.551901,0],[-98.468746,29.55227,0]]},"properties":{"name":"653 | University Heights / Blossom","description":{"@type":"html","value":"University Heights to Blossom P&R via DeZavala, Churchill Estates, and Bitters.<br><br>Estimated bus count: 3"},"styleUrl":"#line-01579B-4875","stroke-opacity":1,"stroke":"#01579b","stroke-width":4.875}},{"type":"Feature","geometry":{"type":"LineString","coordinates":[[-98.421672,29.540486,0],[-98.420984,29.541158,0],[-98.421363,29.541433,0],[-98.421806,29.541717,0],[-98.422986,29.542143,0],[-98.424139,29.542463,0],[-98.425621,29.543206,0],[-98.426583,29.544026,0],[-98.427361,29.544479,0],[-98.431734,29.546301,0],[-98.433334,29.546536,0],[-98.437033,29.546522,0],[-98.437506,29.546589,0],[-98.437752,29.546718,0],[-98.437839,29.546925,0],[-98.437746,29.547115,0],[-98.437579,29.547264,0],[-98.437328,29.547308,0],[-98.43703,29.547245,0],[-98.436537,29.546877,0],[-98.43595,29.546325,0]]},"properties":{"name":"643 | Salado Creek / Rolling Oaks","description":{"@type":"html","value":"Rolling Oaks Mall to Salado Creek via Stahl Road and Green Spring Valley.<br><br>Estimated bus count: 4"},"styleUrl":"#line-01579B-4875","stroke-opacity":1,"stroke":"#01579b","stroke-width":4.875}},{"type":"Feature","geometry":{"type":"LineString","coordinates":[[-98.462102,29.548311,0],[-98.461262,29.547646,0],[-98.460533,29.547275,0],[-98.459747,29.547048,0],[-98.458046,29.546838,0],[-98.455938,29.546876,0],[-98.455477,29.546792,0],[-98.455133,29.546596,0],[-98.454962,29.546428,0],[-98.454785,29.546171,0],[-98.454471,29.545469,0],[-98.451668,29.546348,0],[-98.450394,29.546717,0],[-98.449304,29.546838,0],[-98.442698,29.54696,0],[-98.442019,29.546911,0],[-98.438594,29.546207,0],[-98.43755,29.546057,0],[-98.436604,29.546012,0],[-98.433218,29.546029,0],[-98.432639,29.545938,0],[-98.431969,29.54578,0],[-98.427573,29.543995,0],[-98.426985,29.543667,0],[-98.425121,29.542076,0],[-98.424161,29.541627,0],[-98.42251,29.541164,0],[-98.421627,29.540609,0],[-98.420466,29.539674,0],[-98.419379,29.538529,0],[-98.418355,29.537768,0],[-98.417797,29.537231,0],[-98.417304,29.536511,0],[-98.416574,29.535429,0],[-98.41622,29.535074,0],[-98.415705,29.534743,0],[-98.414498,29.533912,0],[-98.414064,29.533781,0],[-98.413597,29.533739,0],[-98.412996,29.533711,0],[-98.412648,29.533627,0],[-98.41224,29.533426,0],[-98.411864,29.533174,0],[-98.411586,29.5331,0],[-98.411269,29.533039,0],[-98.410966,29.533034,0],[-98.410948,29.536008,0]]},"properties":{"name":"640 | Valley Forge","description":{"@type":"html","value":"Rolling Oaks Mall to Blossom P&R via Valley Forge and Wurzbach Parkway.<br><br>Estimated bus count: 4"},"styleUrl":"#line-01579B-4875","stroke-opacity":1,"stroke":"#01579b","stroke-width":4.875}},{"type":"Feature","geometry":{"type":"LineString","coordinates":[[-98.678203,29.417854,0],[-98.678278,29.416985,0],[-98.678262,29.416494,0],[-98.678107,29.415723,0],[-98.677812,29.414436,0],[-98.677731,29.413852,0],[-98.67771,29.411483,0],[-98.677704,29.408132,0],[-98.677779,29.407651,0],[-98.678064,29.407113,0],[-98.678434,29.406702,0],[-98.679751,29.405723,0],[-98.680362,29.405372,0],[-98.680969,29.405223,0],[-98.683619,29.404909,0],[-98.683975,29.404895,0],[-98.684388,29.40493,0],[-98.684796,29.404856,0],[-98.68527,29.404778,0],[-98.692678,29.403928,0],[-98.693225,29.403881,0],[-98.693842,29.403885,0],[-98.693979,29.390421,0],[-98.693958,29.388799,0],[-98.693947,29.384246,0],[-98.697541,29.383381,0],[-98.698056,29.383325,0],[-98.698448,29.383358,0],[-98.698861,29.383456,0],[-98.698247,29.384258,0],[-98.695043,29.389064,0],[-98.694622,29.389609,0],[-98.694249,29.389959,0],[-98.693986,29.390106,0]]},"properties":{"name":"615 | Marbach Frequent","description":{"@type":"html","value":"10 minute frequency branched service from Kel-Lac TC to Heritage Park, Big Country, and Trophy Ridge.<br><br>Estimated bus count: 7"},"styleUrl":"#line-01579B-4875","stroke-opacity":1,"stroke":"#01579b","stroke-width":4.875}},{"type":"Feature","geometry":{"type":"LineString","coordinates":[[-98.697123,29.417023,0],[-98.697518,29.416556,0],[-98.697901,29.415911,0],[-98.700674,29.407323,0],[-98.700996,29.406715,0],[-98.701345,29.406294,0],[-98.701903,29.405799,0],[-98.702428,29.405533,0],[-98.705072,29.404217,0],[-98.705527,29.403969,0],[-98.705962,29.403614,0],[-98.706536,29.403278,0],[-98.708977,29.402091,0],[-98.709642,29.401922,0],[-98.710414,29.401894,0],[-98.714357,29.40196,0],[-98.714356,29.406522,0],[-98.715212,29.406525,0],[-98.715199,29.404732,0],[-98.714367,29.404756,0]]},"properties":{"name":"615 | Marbach Frequent","description":{"@type":"html","value":"10 minute frequency branched service from Kel-Lac TC to Heritage Park, Big Country, and Trophy Ridge.<br><br>Estimated bus count: 7"},"styleUrl":"#line-01579B-4875","stroke-opacity":1,"stroke":"#01579b","stroke-width":4.875}},{"type":"Feature","geometry":{"type":"LineString","coordinates":[[-98.697123,29.417023,0],[-98.697628,29.417839,0],[-98.697631,29.419162,0],[-98.697765,29.419552,0],[-98.698071,29.419905,0],[-98.699578,29.420522,0],[-98.699932,29.420587,0],[-98.700216,29.420522,0],[-98.700581,29.420438,0],[-98.701547,29.420339,0],[-98.702051,29.420353,0],[-98.702671,29.420588,0],[-98.702987,29.420794,0],[-98.703165,29.421158,0],[-98.703256,29.421878,0],[-98.70346,29.422672,0],[-98.703701,29.423214,0],[-98.704302,29.424004,0],[-98.704948,29.424828,0],[-98.705286,29.425412,0],[-98.705617,29.426338,0],[-98.705718,29.427168,0],[-98.705682,29.42827,0],[-98.705205,29.430462,0],[-98.705213,29.431458,0],[-98.705202,29.432201,0],[-98.70532,29.433,0],[-98.705921,29.434023,0],[-98.70606,29.434458,0],[-98.70606,29.435668,0],[-98.710459,29.435642,0],[-98.711844,29.435558,0],[-98.716344,29.434478,0],[-98.71621,29.433923,0],[-98.71621,29.432843,0],[-98.716253,29.432348,0],[-98.716552,29.431937,0],[-98.715983,29.431359,0],[-98.715563,29.43078,0],[-98.715276,29.430907,0],[-98.715012,29.43096,0],[-98.711786,29.430964,0],[-98.711953,29.432785,0],[-98.711943,29.435565,0]]},"properties":{"name":"615 | Marbach Frequent","description":{"@type":"html","value":"10 minute frequency branched service from Kel-Lac TC to Heritage Park, Big Country, and Trophy Ridge.<br><br>Estimated bus count: 7"},"styleUrl":"#line-01579B-4875","stroke-opacity":1,"stroke":"#01579b","stroke-width":4.875}},{"type":"Feature","geometry":{"type":"LineString","coordinates":[[-98.490968,29.431371,0],[-98.49129,29.431114,0],[-98.491386,29.430737,0],[-98.491343,29.425406,0],[-98.491419,29.424834,0],[-98.491855,29.423335,0],[-98.491799,29.423035,0],[-98.491644,29.422704,0],[-98.490416,29.422416,0],[-98.489735,29.424687,0],[-98.489697,29.425157,0],[-98.489769,29.427567,0],[-98.489715,29.430221,0],[-98.489978,29.43059,0],[-98.491056,29.431631,0],[-98.487456,29.433739,0],[-98.491862,29.439357,0],[-98.492007,29.439607,0],[-98.492064,29.439845,0],[-98.49205,29.440109,0],[-98.491975,29.440343,0],[-98.491849,29.440646,0],[-98.491881,29.448457,0],[-98.491833,29.449251,0],[-98.491806,29.46701,0],[-98.491806,29.468075,0],[-98.491785,29.468817,0],[-98.491726,29.469649,0],[-98.491715,29.470616,0],[-98.491699,29.471288,0],[-98.491751,29.516794,0],[-98.499744,29.516769,0],[-98.499602,29.523117,0],[-98.499234,29.524804,0],[-98.498783,29.526317,0],[-98.498145,29.528323,0],[-98.496043,29.532827,0],[-98.496389,29.532922,0],[-98.492184,29.542109,0],[-98.492643,29.542394,0],[-98.493405,29.542984,0],[-98.493941,29.543297,0],[-98.495572,29.544585,0],[-98.495835,29.544706,0],[-98.49613,29.544804,0],[-98.49753,29.545864,0],[-98.497761,29.546214,0],[-98.497836,29.546596,0],[-98.49775,29.547048,0],[-98.497572,29.547473,0],[-98.495266,29.549666,0],[-98.494858,29.549895,0],[-98.492637,29.551019,0],[-98.492278,29.550571,0],[-98.492061,29.550441,0],[-98.491685,29.550333,0],[-98.491318,29.550308,0],[-98.490333,29.550277,0],[-98.489987,29.550242,0],[-98.489633,29.550098,0],[-98.489282,29.549834,0],[-98.487501,29.548345,0],[-98.487115,29.548205,0],[-98.486691,29.548149,0],[-98.484926,29.548224,0],[-98.484963,29.548719,0],[-98.484867,29.549041,0],[-98.484652,29.549302,0],[-98.482662,29.551267,0],[-98.481556,29.550493,0],[-98.481233,29.55037,0],[-98.480917,29.550333,0],[-98.480547,29.550352,0],[-98.480214,29.550368,0],[-98.479855,29.550242,0],[-98.479452,29.549969,0],[-98.478165,29.548982,0],[-98.477819,29.548833,0],[-98.477438,29.548779,0],[-98.477046,29.548767,0],[-98.476631,29.548669,0],[-98.476161,29.548396,0],[-98.475662,29.547864,0],[-98.475182,29.547353,0],[-98.474171,29.546544,0],[-98.469123,29.551577,0],[-98.468866,29.551395,0],[-98.468536,29.55167,0]]},"properties":{"name":"5 | McCullough","description":{"@type":"html","value":"Blossom P&R to Downtown via North Star TC and McCullough Avenue.<br><br>Estimated bus count: 5"},"styleUrl":"#line-01579B-4875","stroke-opacity":1,"stroke":"#01579b","stroke-width":4.875}},{"type":"Feature","geometry":{"type":"LineString","coordinates":[[-98.392324,29.524441,0],[-98.39175,29.524763,0],[-98.390935,29.524464,0],[-98.390264,29.524319,0],[-98.366945,29.542732,0],[-98.35583,29.532063,0],[-98.354918,29.531494,0],[-98.352933,29.530448,0],[-98.353373,29.529925,0],[-98.353502,29.529225,0],[-98.352955,29.525146,0],[-98.353083,29.524567,0],[-98.354446,29.522494,0],[-98.354585,29.52199,0],[-98.354575,29.521589,0],[-98.347429,29.521617,0],[-98.346421,29.521738,0],[-98.345498,29.522046,0],[-98.344393,29.522765,0],[-98.342097,29.525202,0],[-98.341099,29.525939,0],[-98.338803,29.527246,0],[-98.338031,29.527974,0],[-98.336239,29.530822,0],[-98.335102,29.533258,0],[-98.334634,29.533917,0],[-98.333861,29.534449,0],[-98.333132,29.534691,0],[-98.331984,29.53485,0],[-98.331984,29.534131,0],[-98.332113,29.533637,0],[-98.331984,29.533011,0],[-98.332145,29.531041,0],[-98.332351,29.530535,0],[-98.332442,29.530129,0],[-98.332303,29.529564,0],[-98.331841,29.529088,0],[-98.329899,29.527515,0],[-98.329245,29.527324,0],[-98.328344,29.527146,0],[-98.327872,29.527221,0],[-98.327158,29.527417,0],[-98.326493,29.52737,0],[-98.325908,29.52717,0],[-98.32542,29.52695,0],[-98.324953,29.526932,0],[-98.324481,29.5271,0],[-98.323725,29.527604,0],[-98.32247,29.525853,0],[-98.322169,29.525256,0],[-98.316134,29.518329,0],[-98.315254,29.518823,0],[-98.314031,29.518179,0],[-98.31371,29.517773,0],[-98.308243,29.509459,0],[-98.307004,29.507517,0],[-98.306827,29.506882,0],[-98.306832,29.506233,0],[-98.307042,29.505584,0],[-98.307455,29.505005,0],[-98.30776,29.504711,0],[-98.307943,29.504127,0],[-98.31011,29.497381,0],[-98.311247,29.493678,0],[-98.311251,29.493169,0],[-98.311133,29.492562,0],[-98.310296,29.490662,0],[-98.310242,29.490251,0],[-98.310237,29.489943,0],[-98.311321,29.490032,0],[-98.312211,29.490218,0],[-98.312887,29.490629,0],[-98.313654,29.491512,0],[-98.315473,29.493678,0],[-98.316304,29.494472,0],[-98.317221,29.495093,0],[-98.319523,29.496522,0],[-98.320907,29.497086,0],[-98.32133,29.497371,0],[-98.321647,29.497731,0],[-98.322022,29.498272,0],[-98.32248,29.498664,0],[-98.323129,29.498972,0],[-98.323928,29.499159,0]]},"properties":{"name":"639 | Randolph / Converse","description":{"@type":"html","value":"Ventura to Randolph TC via Converse.<br><br>Estimated bus count: 3"},"styleUrl":"#line-01579B-4875","stroke-opacity":1,"stroke":"#01579b","stroke-width":4.875}},{"type":"Feature","geometry":{"type":"LineString","coordinates":[[-98.446498,29.462898,0],[-98.444733,29.463356,0],[-98.443789,29.463692,0],[-98.442609,29.464299,0],[-98.441686,29.464958,0],[-98.440731,29.465845,0],[-98.439997,29.466775,0],[-98.437652,29.470908,0],[-98.438102,29.470862,0],[-98.440345,29.469979,0],[-98.440661,29.469956,0],[-98.442351,29.470147,0],[-98.442676,29.470115,0],[-98.442989,29.469975,0],[-98.443142,29.469834,0],[-98.443435,29.469503,0],[-98.443959,29.469105,0],[-98.444517,29.468733,0],[-98.444866,29.468649,0],[-98.445303,29.46864,0],[-98.448288,29.468652,0],[-98.448613,29.468626,0],[-98.448873,29.468558,0],[-98.449557,29.468285,0],[-98.449809,29.46822,0],[-98.45011,29.468203,0],[-98.463295,29.468206,0],[-98.463331,29.465736,0],[-98.468731,29.457621,0],[-98.473682,29.450818,0],[-98.47591,29.44452,0],[-98.473833,29.444111,0],[-98.473854,29.441814,0],[-98.473933,29.441586,0],[-98.473811,29.441567,0],[-98.449217,29.441593,0],[-98.449217,29.444924,0],[-98.450612,29.444943,0],[-98.450585,29.439818,0],[-98.450451,29.437881,0],[-98.450417,29.435345,0],[-98.450457,29.434831,0],[-98.450596,29.43445,0],[-98.450897,29.434023,0],[-98.451784,29.433233,0],[-98.452101,29.432773,0],[-98.452222,29.432294,0],[-98.452302,29.416003,0],[-98.452334,29.415508,0],[-98.452329,29.407569,0],[-98.452388,29.406821,0],[-98.452382,29.393478,0],[-98.452355,29.392805,0],[-98.452355,29.38412,0],[-98.460739,29.384114,0],[-98.460796,29.379237,0],[-98.459668,29.379263,0],[-98.459525,29.378828,0],[-98.459587,29.378507,0],[-98.460608,29.377563,0],[-98.460793,29.377495,0],[-98.460796,29.379237,0]]},"properties":{"name":"508 | Walters","description":{"@type":"html","value":"McCreless Marketplace to Fort Sam Houston's northern entrance via Walters and Broadway.<br><br>It's unclear if VIA has the authority to operate in the City of Terrell Hills. If not, then this route would travel to Fort Sam via Austin Highway, Exeter, Rittiman, and Harry Wurzbach.<br><br>Estimated bus count: 5"},"styleUrl":"#line-01579B-4875","stroke-opacity":1,"stroke":"#01579b","stroke-width":4.875}},{"type":"Feature","geometry":{"type":"LineString","coordinates":[[-98.523549,29.305464,0],[-98.530963,29.305454,0],[-98.53218,29.305346,0],[-98.533478,29.305009,0],[-98.535892,29.304172,0],[-98.536692,29.304141,0],[-98.537309,29.304314,0],[-98.537711,29.304534,0],[-98.53836,29.30503,0],[-98.535196,29.307686,0],[-98.537505,29.309755,0],[-98.537993,29.309956,0],[-98.538604,29.309932,0],[-98.539055,29.309806,0],[-98.539516,29.309647,0],[-98.540933,29.309638,0],[-98.541415,29.309787,0],[-98.541802,29.310068,0],[-98.542048,29.310536,0],[-98.542075,29.313726,0],[-98.542343,29.31424,0],[-98.543481,29.315157,0],[-98.543706,29.315536,0],[-98.543769,29.315925,0],[-98.543732,29.31642,0],[-98.543549,29.316617,0],[-98.543254,29.316767,0],[-98.543085,29.316968,0],[-98.543032,29.31723,0],[-98.543029,29.319793,0],[-98.535172,29.319815,0],[-98.533847,29.319708,0],[-98.53264,29.319717,0],[-98.532689,29.327944,0],[-98.534112,29.334228,0],[-98.534166,29.350141,0],[-98.532788,29.350702,0],[-98.532302,29.35092,0],[-98.532034,29.351287,0],[-98.532158,29.351547,0],[-98.532388,29.351664,0],[-98.532625,29.35165,0],[-98.534155,29.35094,0],[-98.534179,29.345616,0],[-98.52311,29.34566,0],[-98.5231,29.342549,0],[-98.513865,29.342559,0],[-98.513045,29.342508,0],[-98.507383,29.342524,0],[-98.50391,29.342596,0],[-98.502923,29.34258,0],[-98.502269,29.34216,0],[-98.500531,29.342162,0],[-98.500113,29.342085,0],[-98.490263,29.342136,0],[-98.48917,29.342333,0],[-98.484613,29.342387,0],[-98.485964,29.345154,0],[-98.487282,29.345141,0],[-98.487281,29.342379,0]]},"properties":{"name":"672 | Formosa / TAMU-SA","description":{"@type":"html","value":"Riverbend Apartments to Texas A&M University-San Antonio via Formosa Blvd, Madla TC, and Zarzamora.<br><br>Estimated bus count: 4"},"styleUrl":"#line-01579B-4875","stroke-opacity":1,"stroke":"#01579b","stroke-width":4.875}},{"type":"Feature","geometry":{"type":"LineString","coordinates":[[-98.551847,29.378033,0],[-98.551708,29.378262,0],[-98.551568,29.378795,0],[-98.551512,29.38008,0],[-98.551085,29.382272,0],[-98.551037,29.382823,0],[-98.551106,29.383333,0],[-98.551178,29.384031,0],[-98.551162,29.38476,0],[-98.55098,29.385344,0],[-98.550642,29.386209,0],[-98.550529,29.386686,0],[-98.550444,29.387424,0],[-98.552423,29.386522,0],[-98.553968,29.385657,0],[-98.556816,29.38447,0],[-98.55753,29.384071,0]]},"properties":{"name":"619 | Quintana","description":{"@type":"html","value":"Kel-Lac TC to Madla TC via Port San Antonio and Quintana.<br><br>Estimated bus count: 4"},"styleUrl":"#line-01579B-4875","stroke-opacity":1,"stroke":"#01579b","stroke-width":4.875}},{"type":"Feature","geometry":{"type":"LineString","coordinates":[[-98.532653,29.320508,0],[-98.534241,29.320517,0],[-98.535164,29.320429,0],[-98.550946,29.320377,0],[-98.552529,29.320522,0],[-98.552716,29.320433,0],[-98.552904,29.319643,0],[-98.552802,29.319437,0],[-98.550737,29.319704,0],[-98.549669,29.319769,0],[-98.543029,29.319793,0]]},"properties":{"name":"672 | Formosa / TAMU-SA","description":{"@type":"html","value":"Riverbend Apartments to Texas A&M University-San Antonio via Formosa Blvd, Madla TC, and Zarzamora.<br><br>Estimated bus count: 4"},"styleUrl":"#line-01579B-4875","stroke-opacity":1,"stroke":"#01579b","stroke-width":4.875}},{"type":"Feature","geometry":{"type":"LineString","coordinates":[[-98.589805,29.508879,0],[-98.59098,29.507665,0],[-98.590111,29.507016,0],[-98.588866,29.508202,0],[-98.589907,29.509009,0],[-98.590712,29.50992,0],[-98.591157,29.510732,0],[-98.591441,29.511563,0],[-98.591742,29.513281,0],[-98.592077,29.514266,0],[-98.592763,29.515275,0],[-98.595027,29.517599,0],[-98.595778,29.517039,0],[-98.596851,29.516638,0],[-98.598139,29.516376,0],[-98.599555,29.516376,0],[-98.60081,29.51674,0],[-98.602355,29.517441,0],[-98.603921,29.518449,0],[-98.60464,29.519009,0],[-98.605359,29.519187,0],[-98.607848,29.519261,0],[-98.616689,29.519215,0],[-98.617489,29.519029,0],[-98.61809,29.518524,0],[-98.622837,29.512513,0],[-98.623953,29.511356,0],[-98.627772,29.507471,0],[-98.628266,29.507061,0],[-98.628673,29.506827,0],[-98.630787,29.510291,0],[-98.632149,29.512177,0],[-98.634436,29.515231,0],[-98.633368,29.515828,0],[-98.632826,29.516395,0],[-98.632349,29.517456,0],[-98.632086,29.518073,0],[-98.632404,29.517454,0],[-98.632863,29.516424,0],[-98.633421,29.515874,0],[-98.635213,29.51476,0],[-98.635501,29.514528,0],[-98.635748,29.514168,0],[-98.636815,29.512324,0],[-98.637067,29.511955,0],[-98.638301,29.510952,0],[-98.638821,29.510788,0],[-98.639342,29.51083,0],[-98.640216,29.511003,0],[-98.640677,29.510947,0],[-98.641225,29.510597,0],[-98.642845,29.509313,0],[-98.643215,29.509136,0],[-98.64366,29.509089,0],[-98.645007,29.509075,0],[-98.645387,29.508991,0],[-98.645752,29.508799,0],[-98.647372,29.507343,0],[-98.647775,29.507142,0],[-98.648231,29.507049,0],[-98.649679,29.507063,0],[-98.65013,29.507142,0],[-98.650559,29.507329,0],[-98.652216,29.508809,0],[-98.652624,29.508967,0],[-98.653046,29.509004,0],[-98.653722,29.509023,0],[-98.654264,29.509219,0],[-98.654715,29.509737,0],[-98.656421,29.51201,0],[-98.656866,29.512342,0],[-98.657424,29.512501,0],[-98.657933,29.512519,0],[-98.658631,29.5123,0],[-98.659816,29.511959,0],[-98.660385,29.511856,0],[-98.660894,29.511856,0],[-98.662337,29.511854,0],[-98.662412,29.518964,0],[-98.665486,29.519015,0],[-98.665486,29.516839,0],[-98.665636,29.516438,0],[-98.666081,29.515845,0],[-98.665214,29.515537,0],[-98.662424,29.515565,0],[-98.662337,29.511854,0],[-98.663748,29.511856,0],[-98.664301,29.511791,0],[-98.664784,29.511604,0],[-98.665261,29.511348,0],[-98.66568,29.510955,0],[-98.665921,29.510629,0],[-98.666205,29.510078,0],[-98.666581,29.509658,0],[-98.666951,29.509387,0],[-98.667461,29.509116,0],[-98.668035,29.508934,0],[-98.66848,29.508873,0],[-98.669875,29.508859,0],[-98.670486,29.508906,0],[-98.671087,29.509069,0],[-98.671677,29.509116,0],[-98.676494,29.509116,0],[-98.677074,29.509158,0],[-98.677653,29.509289,0],[-98.678517,29.509536,0],[-98.682862,29.510232,0],[-98.68335,29.510372,0],[-98.683908,29.510629,0],[-98.684444,29.511077,0],[-98.684814,29.511516,0],[-98.685104,29.512085,0],[-98.685244,29.512855,0],[-98.685163,29.513495,0],[-98.682331,29.521501,0],[-98.682325,29.521926,0],[-98.682518,29.522355,0],[-98.683858,29.523974,0],[-98.684969,29.525319,0],[-98.686868,29.526808,0],[-98.688888,29.524852,0],[-98.689744,29.523826,0],[-98.690291,29.522948,0],[-98.691697,29.520035,0],[-98.693134,29.517048,0],[-98.696315,29.51068,0],[-98.70153,29.500208,0],[-98.702313,29.497397,0],[-98.704106,29.493845,0],[-98.705844,29.490688,0],[-98.706606,29.489479,0],[-98.707528,29.487418,0],[-98.708703,29.485788,0],[-98.709189,29.484828,0],[-98.709854,29.482862,0],[-98.709983,29.482016,0],[-98.710048,29.479299,0],[-98.710391,29.476777,0],[-98.710616,29.472877,0],[-98.710708,29.469327,0],[-98.708728,29.469252,0],[-98.708717,29.469794,0],[-98.707612,29.469752,0],[-98.707167,29.469855,0],[-98.706695,29.469841,0],[-98.706464,29.469906,0],[-98.706271,29.470004,0],[-98.705998,29.469729,0],[-98.705933,29.469421,0],[-98.705917,29.46915,0],[-98.706003,29.468832,0],[-98.706175,29.468468,0],[-98.705477,29.468019,0],[-98.704662,29.467272,0],[-98.705622,29.466441,0],[-98.70638,29.465904,0],[-98.707453,29.46547,0],[-98.708322,29.465278,0],[-98.709494,29.465259,0],[-98.712021,29.465371,0],[-98.711973,29.466684,0],[-98.711612,29.468996,0],[-98.711274,29.47573,0],[-98.711018,29.480781,0],[-98.711056,29.48172,0],[-98.711292,29.482439,0],[-98.711373,29.483055,0],[-98.711335,29.483592,0],[-98.711135,29.484268,0],[-98.710631,29.485593,0],[-98.71018,29.486228,0],[-98.708914,29.487647,0],[-98.707605,29.489557,0],[-98.706334,29.492564,0],[-98.704701,29.495545,0],[-98.70306,29.498664,0],[-98.702513,29.499999,0],[-98.698436,29.50816,0],[-98.694895,29.515284,0],[-98.692642,29.519859,0],[-98.690958,29.523248,0],[-98.690368,29.524247,0],[-98.689349,29.525442,0],[-98.687557,29.527225,0],[-98.686001,29.528784,0],[-98.685347,29.529661,0],[-98.68502,29.529615,0],[-98.684751,29.529451,0],[-98.684698,29.529185,0],[-98.685454,29.528229,0],[-98.686355,29.5273,0],[-98.686865,29.5268,0]]},"properties":{"name":"512 | Mainland Drive","description":{"@type":"html","value":"Northwest Vista College to Medical Center TC via Mainland Drive. Operates with a base frequency of 30 minutes and a peak frequency of 20 minutes.<br><br>Estimated bus count: 6 midday, 8 peak"},"styleUrl":"#line-01579B-4875","stroke-opacity":1,"stroke":"#01579b","stroke-width":4.875}},{"type":"Feature","geometry":{"type":"LineString","coordinates":[[-98.61885,29.494869,0],[-98.618394,29.494958,0],[-98.617107,29.493912,0],[-98.615567,29.492815,0],[-98.6134,29.491349,0],[-98.611168,29.48977,0],[-98.610342,29.489131,0],[-98.609452,29.4883,0],[-98.609033,29.488047,0],[-98.607188,29.486404,0],[-98.60619,29.485488,0],[-98.605461,29.484909,0],[-98.604694,29.48441,0],[-98.603969,29.484032,0],[-98.603084,29.483663,0],[-98.602188,29.483331,0],[-98.60162,29.483163,0],[-98.601083,29.483056,0],[-98.599587,29.482869,0],[-98.599034,29.482878,0],[-98.598444,29.483,0],[-98.595451,29.484013,0],[-98.590864,29.485558,0],[-98.585301,29.487482,0],[-98.58352,29.488178,0],[-98.58205,29.488668,0],[-98.580731,29.489009,0],[-98.579395,29.489275,0],[-98.577035,29.4895,0],[-98.575753,29.48949,0],[-98.565367,29.489228,0],[-98.563645,29.489363,0],[-98.562427,29.489611,0],[-98.560937,29.490148,0],[-98.559534,29.490786,0],[-98.557869,29.491755,0],[-98.555017,29.493452,0],[-98.554887,29.493204,0],[-98.553849,29.491735,0],[-98.55089,29.488438,0],[-98.549676,29.491707,0],[-98.54928,29.492627,0],[-98.549111,29.493298,0],[-98.548741,29.493352,0],[-98.548516,29.493571,0],[-98.54849,29.493745,0],[-98.548605,29.493797,0],[-98.548766,29.49375,0],[-98.5489,29.493454,0],[-98.549,29.493393,0],[-98.549112,29.493391,0],[-98.549111,29.493298,0]]},"properties":{"name":"510 | Grissom","description":{"@type":"html","value":"Northwest Vista College to Crossroads P&R via Grissom and Loop 410. Operates nonstop between Leon Valley and Crossroads. Operates with a base frequency of 30 minutes and a peak frequency of 20 minutes.<br><br>Estimated bus count: 4 midday, 6 peak"},"styleUrl":"#line-01579B-4875","stroke-opacity":1,"stroke":"#01579b","stroke-width":4.875}},{"type":"Feature","geometry":{"type":"LineString","coordinates":[[-98.554955,29.493331,0],[-98.55523,29.493877,0],[-98.55718,29.492492,0],[-98.558416,29.491599,0],[-98.559816,29.490839,0],[-98.56119,29.490274,0],[-98.562488,29.489849,0],[-98.563695,29.489606,0],[-98.565369,29.489443,0],[-98.577095,29.489681,0],[-98.579434,29.489476,0],[-98.58084,29.489223,0],[-98.582127,29.488878,0],[-98.58364,29.488355,0],[-98.584976,29.488061,0],[-98.59907,29.483305,0],[-98.599472,29.483205,0],[-98.599826,29.483147,0],[-98.600234,29.483107,0],[-98.600727,29.483112,0],[-98.60125,29.483172,0],[-98.601752,29.483282,0],[-98.602229,29.483429,0],[-98.603136,29.483754,0],[-98.603881,29.484067,0],[-98.604536,29.484407,0],[-98.605104,29.484753,0],[-98.605493,29.485029,0],[-98.606014,29.485444,0],[-98.608865,29.487994,0],[-98.609667,29.488812,0],[-98.610502,29.489548,0],[-98.611336,29.490181,0],[-98.612553,29.490984,0],[-98.61604,29.49337,0],[-98.618175,29.495013,0],[-98.618529,29.495293,0],[-98.621619,29.491133,0],[-98.625203,29.486071,0],[-98.625798,29.485497,0],[-98.626657,29.484853,0],[-98.627735,29.484339,0],[-98.633088,29.482401,0],[-98.634472,29.481738,0],[-98.639744,29.478924,0],[-98.641162,29.478387,0],[-98.642685,29.478079,0],[-98.648951,29.477107,0],[-98.650249,29.477051,0],[-98.651547,29.477247,0],[-98.653156,29.477864,0],[-98.659025,29.480329,0],[-98.66013,29.480993,0],[-98.66233,29.482599,0],[-98.663585,29.483253,0],[-98.667458,29.484915,0],[-98.668788,29.485728,0],[-98.670741,29.487026,0],[-98.67207,29.487487,0],[-98.678797,29.48956,0],[-98.682724,29.490615,0],[-98.683893,29.490718,0],[-98.685063,29.490681,0],[-98.692133,29.489446,0],[-98.69311,29.489355,0],[-98.694107,29.489533,0],[-98.695137,29.489911,0],[-98.696559,29.49077,0],[-98.69775,29.49133,0],[-98.699555,29.492027,0],[-98.700054,29.491079,0],[-98.700178,29.490421,0],[-98.700231,29.485611,0],[-98.700435,29.482837,0],[-98.700253,29.482081,0],[-98.699502,29.481175,0],[-98.698804,29.480717,0],[-98.695275,29.478831,0],[-98.694416,29.478233,0],[-98.693858,29.47757,0],[-98.693579,29.477047,0],[-98.694255,29.476879,0],[-98.700854,29.473647,0],[-98.701316,29.473329,0],[-98.701842,29.472759,0],[-98.702293,29.471923,0],[-98.702459,29.47126,0],[-98.702743,29.469761,0],[-98.702995,29.469093,0],[-98.703478,29.468425,0],[-98.704749,29.467346,0],[-98.705477,29.468019,0],[-98.706175,29.468468,0],[-98.705994,29.468864,0],[-98.705917,29.46915,0],[-98.705998,29.469729,0],[-98.706271,29.470004,0],[-98.706464,29.469906,0],[-98.706695,29.469841,0],[-98.707167,29.469855,0],[-98.707612,29.469752,0],[-98.708717,29.469794,0],[-98.708728,29.469252,0],[-98.707979,29.469135,0],[-98.707142,29.468901,0],[-98.706175,29.468468,0]]},"properties":{"name":"510 | Grissom","description":{"@type":"html","value":"Northwest Vista College to Crossroads P&R via Grissom and Loop 410. Operates nonstop between Leon Valley and Crossroads. Operates with a base frequency of 30 minutes and a peak frequency of 20 minutes.<br><br>Estimated bus count: 4 midday, 6 peak"},"styleUrl":"#line-01579B-4875","stroke-opacity":1,"stroke":"#01579b","stroke-width":4.875}},{"type":"Feature","geometry":{"type":"LineString","coordinates":[[-98.632858,29.402661,0],[-98.633206,29.402846,0],[-98.633454,29.40305,0],[-98.631389,29.405766,0],[-98.63103,29.405579,0],[-98.630568,29.405513,0],[-98.62919,29.405527,0],[-98.629206,29.404588,0],[-98.629037,29.404022,0],[-98.628036,29.402013,0],[-98.62702,29.402222,0],[-98.625923,29.402368,0],[-98.623042,29.402233,0],[-98.622423,29.402288,0],[-98.621803,29.402448,0],[-98.619099,29.403794,0],[-98.617288,29.404322,0],[-98.61466,29.404946,0],[-98.605106,29.406746,0],[-98.603153,29.407026,0],[-98.60142,29.407213,0],[-98.593454,29.407671,0],[-98.591781,29.407708,0],[-98.589313,29.40769,0],[-98.587966,29.407619,0],[-98.585316,29.407288,0],[-98.546272,29.403643,0],[-98.544196,29.403391,0],[-98.542034,29.40297,0],[-98.540323,29.402489,0],[-98.538499,29.401835,0],[-98.532113,29.399329,0],[-98.52739,29.397483,0],[-98.525995,29.397048,0],[-98.524718,29.396819,0],[-98.52217,29.396567,0],[-98.517474,29.396161,0],[-98.515955,29.396081,0],[-98.514732,29.395936,0],[-98.513171,29.395693,0],[-98.512592,29.395689,0],[-98.512088,29.395773,0],[-98.51161,29.395978,0],[-98.511245,29.396245,0],[-98.510931,29.396608,0],[-98.510733,29.397034,0],[-98.510701,29.397417,0],[-98.510787,29.397809,0],[-98.511209,29.39882,0],[-98.511488,29.399783,0],[-98.511698,29.401434,0],[-98.511703,29.402056,0],[-98.511569,29.40286,0],[-98.509112,29.408489,0],[-98.508527,29.409868,0],[-98.508036,29.410685,0],[-98.507567,29.411393,0],[-98.506706,29.412401,0],[-98.5049,29.413933,0],[-98.503197,29.415381,0],[-98.502554,29.41619,0],[-98.502173,29.417026,0],[-98.501986,29.418153,0],[-98.501686,29.419961,0],[-98.501403,29.421677,0],[-98.501263,29.421941,0],[-98.501065,29.422079,0],[-98.50081,29.422128,0],[-98.500507,29.422083,0],[-98.50018,29.42192,0],[-98.499466,29.421266,0],[-98.498868,29.420964,0],[-98.498588,29.421518,0],[-98.498438,29.422023,0],[-98.498153,29.424274,0],[-98.493949,29.424073,0],[-98.493246,29.42426,0],[-98.492898,29.424255,0],[-98.492091,29.424092,0],[-98.490485,29.423595,0],[-98.480956,29.421391,0],[-98.481123,29.422069,0],[-98.481074,29.422223,0],[-98.480244,29.422043,0],[-98.480044,29.422499,0],[-98.479295,29.425101,0],[-98.481258,29.425095,0],[-98.481811,29.425169,0],[-98.483178,29.42582,0],[-98.482899,29.424629,0],[-98.482953,29.424073,0],[-98.483275,29.422728,0],[-98.493766,29.425049,0],[-98.49463,29.42517,0],[-98.495638,29.425152,0],[-98.497226,29.425194,0],[-98.49773,29.425236,0],[-98.498129,29.425419,0],[-98.498596,29.422017,0],[-98.498762,29.421494,0],[-98.498962,29.421154,0],[-98.499332,29.421322,0],[-98.499724,29.421645,0],[-98.500161,29.422041,0],[-98.50044,29.422223,0],[-98.501266,29.422517,0],[-98.50184,29.422611,0],[-98.501995,29.422625,0],[-98.50206,29.42219,0],[-98.502022,29.421298,0],[-98.502398,29.418312,0],[-98.502553,29.417751,0],[-98.502873,29.417033,0],[-98.502961,29.416703,0],[-98.503157,29.416304,0],[-98.504249,29.415096,0],[-98.504785,29.414556,0],[-98.506542,29.41296,0],[-98.507344,29.412201,0],[-98.507768,29.411748,0],[-98.508108,29.41128,0],[-98.508436,29.410736,0],[-98.50876,29.41004,0],[-98.509431,29.408451,0],[-98.511771,29.402924,0],[-98.511938,29.402092,0],[-98.511922,29.401424,0],[-98.511632,29.399601,0],[-98.511739,29.39847,0],[-98.511931,29.397913,0],[-98.512266,29.397467,0],[-98.512673,29.397149,0],[-98.513269,29.396882,0],[-98.514921,29.396485,0],[-98.515586,29.396387,0],[-98.517458,29.396396,0],[-98.522142,29.396803,0],[-98.524678,29.397045,0],[-98.525735,29.397213,0],[-98.527291,29.397672,0],[-98.538396,29.402014,0],[-98.54023,29.402654,0],[-98.542044,29.403145,0],[-98.544179,29.40357,0],[-98.546255,29.403832,0],[-98.585297,29.407585,0],[-98.587979,29.407804,0],[-98.589406,29.40786,0],[-98.591809,29.407893,0],[-98.593472,29.407856,0],[-98.601454,29.40737,0],[-98.603203,29.407197,0],[-98.605183,29.406902,0],[-98.608283,29.406318,0],[-98.610826,29.40608,0],[-98.621876,29.404031,0],[-98.622675,29.403947,0],[-98.624135,29.403631,0],[-98.625271,29.403358,0],[-98.627165,29.403115,0],[-98.629305,29.402732,0],[-98.630585,29.402433,0],[-98.63161,29.402124,0],[-98.632805,29.40185,0],[-98.632962,29.402442,0]]},"properties":{"name":"64 | US-90 Express","description":{"@type":"html","value":"Express service from Kel-Lac TC to Ellis Alley P&R via Highway 90. Limited stop service at stops indicated on the \"Express Stops\" layer.<br><br>Estimated bus count: 3"},"styleUrl":"#line-01579B-4875","stroke-opacity":1,"stroke":"#01579b","stroke-width":4.875}},{"type":"Feature","geometry":{"type":"LineString","coordinates":[[-98.583021,29.546309,0],[-98.583396,29.546789,0],[-98.58463,29.547667,0],[-98.584968,29.547984,0],[-98.585166,29.548334,0],[-98.585274,29.54874,0],[-98.585132,29.550576,0],[-98.585277,29.551224,0],[-98.588672,29.557706,0],[-98.589343,29.559311,0],[-98.590507,29.563352,0],[-98.591569,29.566665,0],[-98.591993,29.567943,0],[-98.592489,29.569096,0],[-98.592866,29.570405,0],[-98.593071,29.571766,0],[-98.59423,29.575604,0],[-98.596242,29.58201,0],[-98.596649,29.583204,0],[-98.596982,29.584641,0],[-98.597535,29.588354,0],[-98.59747,29.588854,0],[-98.59718,29.589295,0],[-98.596681,29.589907,0],[-98.596552,29.590392,0],[-98.59656,29.59078,0],[-98.596688,29.591554,0],[-98.599183,29.591256,0],[-98.600857,29.591209,0],[-98.60223,29.591023,0],[-98.604853,29.590547,0],[-98.606951,29.590248,0],[-98.610024,29.589889,0],[-98.611779,29.589763,0],[-98.613624,29.589609,0],[-98.61658,29.589278,0],[-98.61958,29.588919,0],[-98.619494,29.587258,0],[-98.619585,29.587169,0],[-98.61958,29.586983,0],[-98.619403,29.586894,0],[-98.619215,29.586964,0],[-98.618904,29.586913,0],[-98.618722,29.586773,0],[-98.618196,29.586026,0],[-98.61884,29.585681,0],[-98.618974,29.585686,0],[-98.619505,29.586446,0],[-98.619521,29.586628,0],[-98.619392,29.586843,0],[-98.619188,29.586997,0],[-98.619205,29.587202,0],[-98.619317,29.587319,0],[-98.61938,29.587683,0],[-98.61909,29.588,0],[-98.611618,29.588933,0],[-98.608796,29.589353,0],[-98.605052,29.589744,0],[-98.602513,29.589858,0],[-98.600909,29.590035,0],[-98.600491,29.589951,0],[-98.600073,29.589774,0],[-98.59989,29.589472,0],[-98.599541,29.589243,0],[-98.598962,29.588889,0],[-98.59864,29.588385,0],[-98.598125,29.58477,0],[-98.597734,29.582988,0],[-98.594885,29.57403,0],[-98.594295,29.571926,0],[-98.594038,29.571268,0],[-98.593737,29.570722,0],[-98.593126,29.568781,0],[-98.592938,29.567573,0],[-98.591656,29.563294,0],[-98.590642,29.560023,0],[-98.587579,29.554111,0],[-98.587139,29.552963,0],[-98.586336,29.5498,0],[-98.585781,29.548671,0],[-98.585062,29.547868,0],[-98.584515,29.54742,0],[-98.583302,29.546505,0],[-98.582626,29.545749,0],[-98.581559,29.543684,0],[-98.577394,29.535788,0],[-98.5769,29.534453,0],[-98.575645,29.528208,0],[-98.57266,29.518057,0],[-98.57219,29.516669,0],[-98.571718,29.515772,0],[-98.570806,29.514615,0],[-98.5692,29.512969,0],[-98.572281,29.509916,0],[-98.573179,29.50943,0],[-98.574043,29.509257,0],[-98.575284,29.509221,0],[-98.580186,29.510454,0],[-98.583366,29.511236,0],[-98.58467,29.511349,0],[-98.585967,29.51122,0],[-98.587125,29.510899,0],[-98.588278,29.51031,0],[-98.589378,29.509479,0],[-98.590899,29.507919,0],[-98.590156,29.507387,0],[-98.589158,29.508423,0],[-98.586369,29.506369,0],[-98.583946,29.504371,0],[-98.582383,29.506019,0],[-98.581252,29.507637,0],[-98.580892,29.508414,0],[-98.579717,29.508096,0],[-98.579191,29.507732,0],[-98.579019,29.507321,0],[-98.578719,29.505472,0],[-98.578848,29.505062,0],[-98.581401,29.502466,0],[-98.578129,29.50001,0],[-98.570168,29.507984,0],[-98.570036,29.508391,0],[-98.57002,29.508736,0],[-98.569398,29.508848,0],[-98.56898,29.5091,0],[-98.567119,29.510986,0],[-98.560511,29.503259,0],[-98.555453,29.508311,0],[-98.55412,29.50727,0],[-98.553863,29.506831,0],[-98.553707,29.506248,0],[-98.553466,29.505785,0],[-98.553112,29.505249,0],[-98.553015,29.504628,0],[-98.553095,29.504093,0],[-98.553364,29.503686,0],[-98.55382,29.503392,0],[-98.554388,29.50322,0],[-98.554973,29.503276,0],[-98.555365,29.503294,0],[-98.555708,29.50321,0],[-98.55677,29.50258,0],[-98.556985,29.502318,0],[-98.557199,29.501926,0],[-98.557553,29.501646,0],[-98.558549,29.500958,0],[-98.557248,29.49945,0],[-98.556017,29.497529,0],[-98.555071,29.495519,0],[-98.55399,29.493531,0],[-98.553055,29.492188,0],[-98.55046,29.489551,0],[-98.54928,29.492627,0],[-98.549111,29.493298,0],[-98.548741,29.493352,0],[-98.548516,29.493571,0],[-98.54849,29.493745,0],[-98.548605,29.493797,0],[-98.548766,29.49375,0],[-98.5489,29.493454,0],[-98.549,29.493393,0],[-98.549112,29.493391,0],[-98.549111,29.493298,0]]},"properties":{"name":"601 | UTSA / Medical Center / Crossroads","description":{"@type":"html","value":"UTSA Main Campus to Crossroads P&R via Fredericksburg Road and Medical Center TC.<br><br>Estimated bus count: 5"},"styleUrl":"#line-01579B-4875","stroke-opacity":1,"stroke":"#01579b","stroke-width":4.875}},{"type":"Feature","geometry":{"type":"LineString","coordinates":[[-98.435887,29.513326,0],[-98.436699,29.514319,0],[-98.437265,29.514734,0],[-98.437289,29.514897,0],[-98.436626,29.51542,0],[-98.43638,29.515516,0],[-98.435352,29.515672,0],[-98.43491,29.515703,0],[-98.42641,29.515689,0],[-98.425611,29.515663,0],[-98.424725,29.515586,0],[-98.422808,29.515346,0],[-98.422808,29.519878,0],[-98.424068,29.519883,0],[-98.425735,29.519801,0],[-98.426421,29.519852,0],[-98.426759,29.519731,0],[-98.427027,29.519577,0],[-98.427451,29.519521,0],[-98.427473,29.518307,0],[-98.427382,29.51784,0],[-98.427199,29.51742,0],[-98.427167,29.517056,0],[-98.427178,29.516347,0],[-98.42832,29.516347,0],[-98.4295,29.516281,0],[-98.432306,29.516305,0],[-98.437091,29.516356,0],[-98.438164,29.516267,0],[-98.438599,29.516221,0],[-98.438719,29.516099,0],[-98.438738,29.515933,0],[-98.438604,29.515772,0],[-98.437955,29.515345,0],[-98.43774,29.515324,0],[-98.437397,29.515338,0],[-98.437271,29.515231,0],[-98.437282,29.51506,0],[-98.437614,29.514776,0],[-98.436928,29.514279,0],[-98.435887,29.513326,0],[-98.435431,29.51264,0],[-98.434911,29.511534,0],[-98.434615,29.510488,0],[-98.434519,29.509423,0],[-98.434573,29.496888,0],[-98.434358,29.495496,0],[-98.433736,29.494142,0],[-98.431161,29.490117,0],[-98.430571,29.488987,0],[-98.430174,29.487923,0],[-98.429981,29.486839,0],[-98.430066,29.485681,0],[-98.430281,29.484766,0],[-98.4313,29.484682,0],[-98.447361,29.484631,0],[-98.44734,29.485032,0],[-98.447195,29.48563,0],[-98.447334,29.486176,0],[-98.447388,29.48655,0],[-98.44738,29.487203,0],[-98.451686,29.485147,0],[-98.452581,29.484726,0],[-98.453488,29.484488,0],[-98.454378,29.484365,0],[-98.457093,29.484314,0],[-98.457972,29.484108,0],[-98.458573,29.48388,0],[-98.459093,29.4835,0],[-98.459132,29.473608,0],[-98.459159,29.472847,0],[-98.459835,29.471357,0],[-98.460548,29.468242,0],[-98.460747,29.466921,0],[-98.460735,29.465754,0],[-98.46457,29.465735,0],[-98.468529,29.465777,0],[-98.46994,29.465558,0],[-98.472837,29.465548,0],[-98.479113,29.465516,0],[-98.480025,29.465651,0],[-98.480669,29.46588,0],[-98.481533,29.466361,0],[-98.48237,29.466515,0],[-98.526841,29.466507,0],[-98.527005,29.466423,0],[-98.527222,29.466091,0],[-98.527873,29.465625,0],[-98.524826,29.462514,0],[-98.549018,29.464854,0],[-98.550349,29.464826,0],[-98.5511,29.464705,0],[-98.556378,29.465186,0],[-98.560729,29.465667,0],[-98.561276,29.465835,0],[-98.563245,29.466783,0],[-98.564961,29.467544,0],[-98.566045,29.467899,0],[-98.566152,29.467544,0],[-98.566238,29.467091,0],[-98.566377,29.466872,0],[-98.56663,29.466741,0],[-98.566973,29.466769,0],[-98.567338,29.466629,0],[-98.567794,29.46655,0],[-98.583619,29.465882,0],[-98.58386,29.46583,0],[-98.584461,29.465433,0],[-98.584745,29.465303,0],[-98.584992,29.465247,0],[-98.585148,29.465083,0],[-98.585196,29.464765,0],[-98.585178,29.463974,0],[-98.58603,29.463801,0],[-98.58676,29.463754,0],[-98.592495,29.463792,0],[-98.593208,29.463866,0],[-98.601185,29.466248,0],[-98.601931,29.466356,0],[-98.616291,29.466384,0],[-98.617418,29.466276,0],[-98.620615,29.465908,0],[-98.621253,29.465861,0],[-98.621936,29.466068,0],[-98.622998,29.46653,0],[-98.623394,29.467098,0],[-98.624233,29.468775,0],[-98.624362,29.469406,0],[-98.6243,29.469714,0],[-98.624821,29.469733,0],[-98.625325,29.469625,0],[-98.625716,29.46934,0],[-98.625974,29.468911,0],[-98.625819,29.466358,0],[-98.624918,29.464508,0],[-98.622402,29.465536,0],[-98.621936,29.466068,0]]},"properties":{"name":"509 | Hildebrand","description":{"@type":"html","value":"NE Baptist Hospital to Ingram TC via Hildebrand and Donaldson.<br><br>Estimated bus count: 6"},"styleUrl":"#line-01579B-4875","stroke-opacity":1,"stroke":"#01579b","stroke-width":4.875}},{"type":"Feature","geometry":{"type":"LineString","coordinates":[[-98.549112,29.493391,0],[-98.549,29.493393,0],[-98.5489,29.493454,0],[-98.548766,29.49375,0],[-98.548605,29.493797,0],[-98.548438,29.493814,0],[-98.548245,29.494017,0],[-98.548116,29.494206,0],[-98.547832,29.494281,0],[-98.548007,29.494974,0],[-98.549343,29.494211,0],[-98.549201,29.493916,0],[-98.549134,29.493615,0],[-98.549111,29.493298,0],[-98.54928,29.492627,0],[-98.550829,29.488608,0],[-98.55372,29.491813,0],[-98.554733,29.493256,0],[-98.555169,29.494081,0],[-98.558523,29.491707,0],[-98.559752,29.491136,0],[-98.560661,29.490716,0],[-98.562158,29.490183,0],[-98.56351,29.489899,0],[-98.565371,29.48973,0],[-98.567871,29.489754,0],[-98.567168,29.488923,0],[-98.566798,29.488666,0],[-98.567109,29.48818,0],[-98.56756,29.487846,0],[-98.568038,29.487702,0],[-98.568585,29.487725,0],[-98.569588,29.487837,0],[-98.57279,29.487921,0],[-98.573756,29.487898,0],[-98.574174,29.488019,0],[-98.574523,29.488243,0],[-98.574936,29.488584,0],[-98.581094,29.482486,0],[-98.580596,29.482121,0],[-98.580086,29.481916,0],[-98.579442,29.481841,0],[-98.577795,29.481262,0],[-98.577377,29.481178,0],[-98.576851,29.481131,0],[-98.576583,29.481015,0],[-98.575038,29.480048,0],[-98.574813,29.479852,0],[-98.574652,29.479422,0],[-98.573794,29.478829,0],[-98.568102,29.477601,0],[-98.567651,29.477409,0],[-98.565323,29.475868,0],[-98.56646,29.474374,0],[-98.566943,29.473748,0],[-98.567608,29.472613,0],[-98.56521,29.472506,0],[-98.564948,29.472618,0],[-98.564567,29.472917,0],[-98.561107,29.469792,0],[-98.560871,29.469736,0],[-98.555351,29.469213,0],[-98.555651,29.466691,0],[-98.555774,29.466364,0],[-98.557035,29.464001,0],[-98.557164,29.463674,0],[-98.557781,29.461923,0],[-98.557931,29.461666,0],[-98.559154,29.460428,0],[-98.547819,29.451763,0],[-98.534566,29.450499,0],[-98.533595,29.449378,0],[-98.533112,29.449093,0],[-98.532565,29.448986,0],[-98.532039,29.449032,0],[-98.530752,29.449369,0],[-98.528091,29.449836,0],[-98.527254,29.449798,0],[-98.510517,29.448197,0],[-98.504437,29.441941,0],[-98.503731,29.441433,0],[-98.502176,29.440962,0],[-98.501383,29.440625,0],[-98.500363,29.44023,0],[-98.491213,29.440207,0],[-98.491128,29.440099,0],[-98.48787,29.435948,0],[-98.491694,29.433688,0],[-98.492233,29.43436,0],[-98.488393,29.436614,0]]},"properties":{"name":"84 | Cincinnati","styleUrl":"#line-01579B-4875-nodesc","stroke-opacity":1,"stroke":"#01579b","stroke-width":4.875}},{"type":"Feature","geometry":{"type":"LineString","coordinates":[[-98.574936,29.488584,0],[-98.57433,29.489173,0],[-98.573608,29.489142,0],[-98.572364,29.489198,0],[-98.568992,29.489089,0],[-98.567882,29.488991,0],[-98.566358,29.489,0],[-98.56513,29.489042,0],[-98.5638,29.489154,0],[-98.562657,29.489378,0],[-98.560843,29.490046,0],[-98.559422,29.490683,0],[-98.557772,29.491657,0],[-98.554816,29.493405,0]]},"properties":{"name":"84 | Cincinnati","styleUrl":"#line-01579B-4875-nodesc","stroke-opacity":1,"stroke":"#01579b","stroke-width":4.875}},{"type":"Feature","geometry":{"type":"LineString","coordinates":[[-98.5018,29.423666,0],[-98.501973,29.422541,0],[-98.504231,29.422766,0],[-98.503923,29.424842,0],[-98.503644,29.427814,0],[-98.504915,29.427921,0],[-98.504999,29.427027,0],[-98.503696,29.426919,0],[-98.503919,29.425035,0],[-98.501703,29.424731,0],[-98.5018,29.423666,0],[-98.499144,29.423371,0],[-98.497621,29.422974,0],[-98.495153,29.422754,0],[-98.490905,29.421138,0],[-98.490819,29.42151,0],[-98.490416,29.422416,0],[-98.489735,29.424687,0],[-98.489726,29.425126,0],[-98.489715,29.430221,0],[-98.489978,29.43059,0],[-98.490863,29.431431,0],[-98.485241,29.434716,0],[-98.484823,29.435332,0],[-98.484619,29.43621,0],[-98.484744,29.437151,0],[-98.48453,29.438992,0],[-98.481588,29.440723,0],[-98.479858,29.440361,0],[-98.479394,29.440296,0],[-98.478917,29.440394,0],[-98.478493,29.440628,0],[-98.478177,29.440665,0],[-98.476626,29.440277,0],[-98.476229,29.440118,0],[-98.474888,29.439343,0],[-98.475398,29.437754,0],[-98.47572,29.436544,0],[-98.473279,29.436591,0]]},"properties":{"name":"15 | Hackberry / The Pearl","description":"On weekends, trips will deviate from the regular route to service the Pearl via Avenue A.","styleUrl":"#line-01579B-4875","stroke-opacity":1,"stroke":"#01579b","stroke-width":4.875}},{"type":"Feature","geometry":{"type":"LineString","coordinates":[[-98.475398,29.437754,0],[-98.474441,29.437894,0],[-98.473433,29.437908,0],[-98.473272,29.437698,0],[-98.473254,29.403384,0],[-98.473512,29.402776,0],[-98.473495,29.379346,0],[-98.47341,29.378462,0],[-98.473409,29.375484,0],[-98.47496,29.375451,0],[-98.475308,29.375414,0],[-98.471033,29.368657,0],[-98.468476,29.364614,0],[-98.464892,29.357445,0],[-98.462817,29.353187,0],[-98.461947,29.351634,0],[-98.461041,29.350324,0],[-98.457388,29.345298,0],[-98.455725,29.345878,0],[-98.455001,29.34599,0],[-98.454282,29.345658,0],[-98.453445,29.345256,0],[-98.452943,29.345126,0],[-98.452326,29.345075,0],[-98.450245,29.345093,0],[-98.449022,29.345098,0],[-98.448121,29.345145,0],[-98.44745,29.345239,0],[-98.447507,29.346044,0],[-98.446737,29.346248,0]]},"properties":{"name":"15 | Hackberry / The Pearl","description":{"@type":"html","value":"Operates with a base weekday frequency of 30 minutes.<br><br>On weekends, the section between Centro Plaza and Avenue A runs with a 15 minute frequency, where half the buses will turn onto Avenue A to service the Pearl."},"styleUrl":"#line-01579B-4875","stroke-opacity":1,"stroke":"#01579b","stroke-width":4.875}},{"type":"Feature","geometry":{"type":"LineString","coordinates":[[-98.4905,29.433587,0],[-98.491899,29.432765,0],[-98.493321,29.43453,0],[-98.491883,29.435359,0],[-98.489714,29.432586,0],[-98.491039,29.431801,0],[-98.49129,29.431114,0],[-98.491396,29.430769,0],[-98.491332,29.425374,0],[-98.491425,29.424868,0],[-98.491846,29.42341,0],[-98.491812,29.423083,0],[-98.490924,29.421074,0],[-98.489498,29.420965,0],[-98.48808,29.420709,0],[-98.488252,29.420055,0],[-98.488284,29.417868,0],[-98.488349,29.41735,0],[-98.488531,29.416826,0],[-98.485044,29.41399,0],[-98.484454,29.413681,0],[-98.48425,29.413686,0],[-98.483816,29.412307,0],[-98.4838,29.411639,0],[-98.483902,29.410209,0],[-98.484819,29.407457,0],[-98.479884,29.405499,0],[-98.476236,29.40548,0],[-98.47622,29.40491,0],[-98.473269,29.404919,0],[-98.473254,29.403384,0],[-98.473512,29.402776,0],[-98.473516,29.398442,0],[-98.448336,29.39847,0],[-98.447413,29.398339,0],[-98.446522,29.398115,0],[-98.429957,29.398077,0],[-98.428648,29.398189,0],[-98.427468,29.398423,0],[-98.425097,29.399059,0],[-98.423455,29.39932,0],[-98.417195,29.399461,0],[-98.415951,29.399339,0],[-98.415194,29.399199,0],[-98.412485,29.398535,0],[-98.411493,29.398404,0],[-98.409615,29.398311,0],[-98.387428,29.39825,0],[-98.384907,29.397998,0],[-98.382664,29.397932,0],[-98.378882,29.397942,0],[-98.377434,29.39797,0],[-98.376356,29.397937,0],[-98.375353,29.397787,0],[-98.374403,29.397554,0],[-98.373577,29.397273,0],[-98.368416,29.394908,0],[-98.368888,29.393908,0],[-98.370417,29.389192,0],[-98.370498,29.388683,0],[-98.370498,29.387164,0],[-98.370369,29.386636,0],[-98.370106,29.386061,0],[-98.370074,29.385687,0],[-98.370063,29.385271,0],[-98.371635,29.385271,0],[-98.372429,29.385425,0],[-98.373159,29.385738,0],[-98.373684,29.386121,0],[-98.374054,29.386542,0],[-98.374655,29.38721,0],[-98.375036,29.387458,0],[-98.374607,29.388183,0],[-98.374457,29.388786,0],[-98.374446,29.392983,0],[-98.374323,29.393661,0],[-98.374076,29.39438,0],[-98.375353,29.39475,0],[-98.37605,29.394829,0],[-98.378652,29.394829,0],[-98.379199,29.394885,0],[-98.37973,29.395081,0],[-98.3801,29.395324,0],[-98.380427,29.395656,0],[-98.380637,29.39604,0],[-98.380771,29.396432,0],[-98.380808,29.396857,0],[-98.380792,29.398213,0],[-98.385626,29.398261,0],[-98.385658,29.399074,0],[-98.386844,29.399079,0],[-98.386693,29.398619,0],[-98.386672,29.398265,0],[-98.3879,29.39826,0]]},"properties":{"name":"30 | Rigsby","styleUrl":"#line-01579B-4875-nodesc","stroke-opacity":1,"stroke":"#01579b","stroke-width":4.875}},{"type":"Feature","geometry":{"type":"LineString","coordinates":[[-98.486277,29.392452,0],[-98.486354,29.391484,0],[-98.49204,29.392596,0],[-98.491858,29.393325,0],[-98.491412,29.394232,0],[-98.491022,29.39452,0],[-98.490726,29.394611,0],[-98.490506,29.394756,0],[-98.489889,29.393984,0],[-98.489074,29.393339,0],[-98.48791,29.392782,0],[-98.486612,29.39252,0],[-98.480119,29.391244,0],[-98.474781,29.391262,0],[-98.474298,29.391206,0],[-98.473923,29.391075,0],[-98.473499,29.391015,0],[-98.453216,29.390912,0],[-98.452363,29.390692,0],[-98.448351,29.390697,0],[-98.448345,29.39029,0],[-98.445035,29.3903,0],[-98.445025,29.386561,0],[-98.443684,29.386557,0],[-98.443703,29.38292,0],[-98.443325,29.382717,0],[-98.443223,29.382609,0],[-98.443217,29.38246,0],[-98.443298,29.382207,0],[-98.443212,29.381798,0],[-98.44322,29.38059,0],[-98.443183,29.38033,0],[-98.443081,29.380179,0],[-98.442877,29.380003,0],[-98.442713,29.379746,0],[-98.442493,29.37904,0],[-98.442407,29.378559,0],[-98.442386,29.377348,0],[-98.442338,29.376927,0],[-98.442204,29.376628,0],[-98.441764,29.376021,0],[-98.441619,29.375689,0],[-98.441571,29.375259,0],[-98.441464,29.375013,0],[-98.441138,29.374645,0],[-98.440863,29.374176,0],[-98.440413,29.37247,0],[-98.440386,29.371871,0],[-98.440692,29.370422,0],[-98.440702,29.369866,0],[-98.440574,29.369342,0],[-98.44021,29.368756,0],[-98.439325,29.367868,0],[-98.438928,29.367541,0],[-98.4383,29.367251,0],[-98.43749,29.366413,0],[-98.437136,29.366016,0],[-98.436948,29.365526,0],[-98.436777,29.364376,0],[-98.436171,29.364504,0],[-98.435264,29.364607,0],[-98.431423,29.364658,0],[-98.43064,29.366206,0],[-98.430517,29.366743,0],[-98.4305,29.367159,0],[-98.42748,29.367206,0],[-98.426912,29.365369,0],[-98.426847,29.364822,0],[-98.42681,29.35954,0],[-98.426826,29.356651,0],[-98.426794,29.355799,0],[-98.426729,29.355519,0],[-98.426526,29.355238,0],[-98.426258,29.355051,0],[-98.425764,29.354897,0],[-98.425464,29.354748,0],[-98.425244,29.35457,0],[-98.425045,29.354243,0],[-98.424863,29.353663,0],[-98.429565,29.352293,0],[-98.431115,29.35197,0],[-98.432821,29.351764,0],[-98.435038,29.351716,0],[-98.434989,29.347387,0],[-98.434817,29.346496,0],[-98.434431,29.345804,0],[-98.439968,29.34133,0],[-98.442032,29.343209,0],[-98.443363,29.344154,0],[-98.444658,29.345277,0],[-98.445037,29.345998,0],[-98.445751,29.347049,0],[-98.446594,29.346303,0]]},"properties":{"name":"676 | Highland Hills","styleUrl":"#line-01579B-4875-nodesc","stroke-opacity":1,"stroke":"#01579b","stroke-width":4.875}},{"type":"Feature","geometry":{"type":"LineString","coordinates":[[-98.486354,29.391484,0],[-98.49204,29.392596,0],[-98.491858,29.393325,0],[-98.491412,29.394232,0],[-98.491069,29.394461,0],[-98.490726,29.394611,0],[-98.490506,29.394756,0],[-98.489889,29.393984,0],[-98.489074,29.393339,0],[-98.487843,29.392774,0],[-98.486277,29.392452,0],[-98.486355,29.391298,0],[-98.485437,29.385758,0],[-98.485233,29.385417,0],[-98.483967,29.383977,0],[-98.483538,29.383215,0],[-98.478716,29.385216,0],[-98.475991,29.376659,0],[-98.475308,29.375414,0],[-98.471033,29.368657,0],[-98.443557,29.368711,0],[-98.44275,29.367557,0],[-98.435222,29.358834,0],[-98.431115,29.35197,0],[-98.433784,29.351727,0],[-98.448493,29.351736,0],[-98.448449,29.349911,0],[-98.448267,29.349173,0],[-98.4478,29.34855,0],[-98.446048,29.347314,0],[-98.446449,29.346518,0],[-98.447632,29.346247,0],[-98.44745,29.345239,0],[-98.446495,29.345464,0],[-98.445037,29.345998,0],[-98.444658,29.345277,0],[-98.443363,29.344154,0],[-98.443995,29.343521,0],[-98.444397,29.342965,0],[-98.444692,29.342427,0],[-98.445438,29.340421,0],[-98.445479,29.339946,0],[-98.44542,29.339389,0],[-98.445179,29.338842,0],[-98.444744,29.338258,0],[-98.444251,29.337781,0],[-98.434431,29.345804,0],[-98.433999,29.345354,0],[-98.432884,29.344774,0],[-98.432111,29.344648,0],[-98.43141,29.344662,0],[-98.430283,29.345008,0],[-98.430015,29.344667,0],[-98.429643,29.343722,0],[-98.427433,29.340248,0],[-98.427267,29.339687,0],[-98.42724,29.337348,0],[-98.42694,29.337353,0],[-98.426301,29.337208,0],[-98.425802,29.33696,0],[-98.425196,29.336722,0],[-98.424595,29.336642,0],[-98.424043,29.336679,0],[-98.422482,29.337072,0],[-98.420309,29.329754,0],[-98.420969,29.329763,0],[-98.421774,29.332447,0],[-98.421103,29.332447,0]]},"properties":{"name":"677 | Hot Wells / Brookside","styleUrl":"#line-01579B-4875-nodesc","stroke-opacity":1,"stroke":"#01579b","stroke-width":4.875}},{"type":"Feature","geometry":{"type":"LineString","coordinates":[[-98.49204,29.392596,0],[-98.486354,29.391484,0],[-98.486277,29.392452,0],[-98.487843,29.392774,0],[-98.489074,29.393339,0],[-98.489889,29.393984,0],[-98.490506,29.394756,0],[-98.490726,29.394611,0],[-98.491069,29.394461,0],[-98.491412,29.394232,0],[-98.491858,29.393325,0],[-98.492144,29.392214,0],[-98.492327,29.391999,0],[-98.492547,29.391774,0],[-98.492665,29.391452,0],[-98.492783,29.39083,0],[-98.492665,29.390428,0],[-98.492337,29.390096,0],[-98.491179,29.389447,0],[-98.490969,29.38911,0],[-98.490326,29.387498,0],[-98.489864,29.385857,0],[-98.485605,29.386736,0],[-98.485437,29.385758,0],[-98.485233,29.385417,0],[-98.484001,29.384011,0],[-98.483416,29.382992,0],[-98.481501,29.378626,0],[-98.48133,29.377944,0],[-98.481276,29.376607,0],[-98.481287,29.365808,0],[-98.481416,29.362058,0],[-98.481437,29.360702,0],[-98.481233,29.334957,0],[-98.481126,29.33361,0],[-98.48074,29.331561,0],[-98.477021,29.319368,0],[-98.472064,29.319312,0],[-98.472075,29.316038,0],[-98.475959,29.316048,0],[-98.473234,29.30775,0],[-98.472922,29.306393,0],[-98.472751,29.305111,0],[-98.47274,29.303839,0],[-98.472676,29.294005,0],[-98.476109,29.294005,0],[-98.476087,29.299713,0],[-98.475401,29.3012,0],[-98.475347,29.301837,0],[-98.475326,29.304007,0],[-98.474714,29.303998,0],[-98.474188,29.304232,0],[-98.473716,29.304625,0],[-98.473148,29.304756,0],[-98.472794,29.304774,0]]},"properties":{"name":"678 | Mission Del Lago","styleUrl":"#line-01579B-4875-nodesc","stroke-opacity":1,"stroke":"#01579b","stroke-width":4.875}},{"type":"Feature","geometry":{"type":"LineString","coordinates":[[-98.574637,29.408531,0],[-98.574994,29.408559,0],[-98.574951,29.409029,0],[-98.574584,29.409027,0],[-98.574991,29.406099,0],[-98.579768,29.406594,0],[-98.582005,29.406982,0],[-98.585316,29.407288,0],[-98.587966,29.407619,0],[-98.589349,29.407688,0],[-98.591452,29.407711,0],[-98.593496,29.407669,0],[-98.595706,29.407473,0],[-98.598018,29.407071,0],[-98.599578,29.406962,0],[-98.602507,29.406808,0],[-98.60336,29.406719,0],[-98.607971,29.40584,0],[-98.608757,29.405738,0],[-98.609508,29.4057,0],[-98.610178,29.405621,0],[-98.615302,29.404627,0],[-98.616624,29.404302,0],[-98.618172,29.404038,0],[-98.619099,29.403794,0],[-98.621803,29.402448,0],[-98.622423,29.402288,0],[-98.623042,29.402233,0],[-98.625923,29.402368,0],[-98.627077,29.40222,0],[-98.628036,29.402013,0],[-98.629037,29.404022,0],[-98.629206,29.404588,0],[-98.62919,29.405527,0],[-98.630568,29.405513,0],[-98.63103,29.405579,0],[-98.631389,29.405766,0],[-98.633454,29.40305,0],[-98.63324,29.402868,0],[-98.63302,29.402588,0],[-98.632805,29.40185,0],[-98.631711,29.402102,0],[-98.630499,29.402457,0],[-98.629175,29.402734,0],[-98.627228,29.403103,0],[-98.625228,29.40336,0],[-98.624261,29.403594,0],[-98.622675,29.403947,0],[-98.621876,29.404031,0],[-98.610826,29.40608,0],[-98.609552,29.40637,0],[-98.607883,29.406748,0],[-98.604366,29.4074,0],[-98.602095,29.407669,0],[-98.599686,29.407842,0],[-98.598292,29.407926,0],[-98.595588,29.407739,0],[-98.593512,29.407847,0],[-98.591495,29.407903,0],[-98.589365,29.40787,0],[-98.587979,29.407804,0],[-98.585297,29.407585,0],[-98.584229,29.407772,0],[-98.574884,29.406941,0],[-98.575469,29.402823,0],[-98.575394,29.401786,0],[-98.574943,29.400468,0],[-98.574364,29.399487,0],[-98.573183,29.398767,0],[-98.569332,29.397402,0],[-98.568463,29.396664,0],[-98.567991,29.395579,0],[-98.568023,29.394775,0],[-98.568592,29.390148,0],[-98.568592,29.388924,0],[-98.568441,29.387129,0],[-98.568431,29.385932,0],[-98.568516,29.384483,0],[-98.568398,29.382342,0],[-98.568012,29.381464,0],[-98.56725,29.380688,0],[-98.56607,29.380061,0],[-98.565371,29.379428,0],[-98.560801,29.375025,0],[-98.562552,29.373545,0],[-98.563047,29.372962,0],[-98.564128,29.374012,0],[-98.565816,29.376278,0],[-98.566119,29.377164,0],[-98.567291,29.378302,0],[-98.55753,29.384071,0],[-98.553662,29.385647,0],[-98.550589,29.386624,0],[-98.551255,29.384916,0],[-98.551344,29.384294,0],[-98.551176,29.383206,0],[-98.55116,29.382591,0],[-98.551396,29.380678,0],[-98.549138,29.380473,0],[-98.549465,29.377776,0],[-98.551375,29.377944,0],[-98.551847,29.378033,0],[-98.55204,29.377649,0],[-98.552822,29.376838,0],[-98.55885,29.369207,0],[-98.552767,29.368618,0],[-98.552686,29.36908,0],[-98.540352,29.367942,0],[-98.539918,29.368054,0],[-98.546602,29.360335,0],[-98.54619,29.360053,0],[-98.546181,29.357032,0],[-98.546417,29.354984,0],[-98.546587,29.353194,0],[-98.546555,29.348462,0],[-98.545321,29.348499,0],[-98.544806,29.348256,0],[-98.544012,29.346881,0],[-98.533207,29.351342,0],[-98.53197,29.351907,0],[-98.530055,29.353062,0],[-98.528437,29.354336,0],[-98.527117,29.355635,0],[-98.526409,29.356655,0],[-98.525394,29.356663,0],[-98.526961,29.354779,0],[-98.528108,29.353689,0],[-98.530607,29.351826,0],[-98.531723,29.35119,0],[-98.53283,29.350689,0],[-98.534166,29.350141,0],[-98.53877,29.348297,0],[-98.544542,29.34588,0],[-98.545197,29.345505,0],[-98.545862,29.345052,0],[-98.548863,29.342402,0],[-98.549298,29.342061,0],[-98.549877,29.341729,0],[-98.55028,29.34165,0],[-98.550532,29.341743,0],[-98.550634,29.341925,0],[-98.55066,29.342791,0],[-98.550939,29.343702,0],[-98.550789,29.344076,0],[-98.547109,29.345584,0],[-98.544012,29.346881,0]]},"properties":{"name":"619 | Quintana","description":{"@type":"html","value":"Kel-Lac TC to Madla TC via Port San Antonio and Quintana.<br><br>Estimated bus count: 4"},"styleUrl":"#line-01579B-4875","stroke-opacity":1,"stroke":"#01579b","stroke-width":4.875}},{"type":"Feature","geometry":{"type":"LineString","coordinates":[[-98.495515,29.429344,0],[-98.495298,29.429194,0],[-98.495277,29.428844,0],[-98.495068,29.428638,0],[-98.494676,29.428451,0],[-98.494432,29.428444,0],[-98.494041,29.428532,0],[-98.493314,29.428619,0],[-98.492262,29.428676,0],[-98.491294,29.428611,0],[-98.488522,29.428629,0],[-98.488532,29.42754,0],[-98.489769,29.427567,0],[-98.489755,29.429254,0],[-98.491949,29.429232,0],[-98.493365,29.429324,0],[-98.495715,29.429364,0],[-98.50345,29.430005,0],[-98.503971,29.424639,0],[-98.504231,29.422766,0],[-98.505205,29.415686,0],[-98.50521,29.414903,0],[-98.502471,29.412039,0],[-98.501999,29.411749,0],[-98.500597,29.411158,0],[-98.501289,29.409074,0],[-98.508654,29.404364,0],[-98.508949,29.404008,0],[-98.50941,29.403176,0],[-98.532836,29.376215,0],[-98.534198,29.374981,0],[-98.534173,29.374599,0],[-98.546602,29.360335,0],[-98.54619,29.360053,0],[-98.546181,29.357032,0],[-98.546417,29.354984,0],[-98.550537,29.355022,0],[-98.551293,29.354942,0],[-98.55199,29.354087,0],[-98.552258,29.353451,0],[-98.552527,29.353489,0],[-98.567936,29.33575,0],[-98.567668,29.335572,0],[-98.566799,29.33546,0],[-98.566477,29.335544,0],[-98.562679,29.337115,0],[-98.562084,29.33726,0],[-98.552337,29.33726,0],[-98.552303,29.325431,0],[-98.541226,29.325429,0],[-98.541199,29.325083,0],[-98.541129,29.324896,0],[-98.541344,29.324709,0],[-98.541596,29.324611,0],[-98.544595,29.324611,0],[-98.544509,29.324934,0],[-98.544509,29.325425,0]]},"properties":{"name":"51 | Nogalitos","styleUrl":"#line-01579B-4875-nodesc","stroke-opacity":1,"stroke":"#01579b","stroke-width":4.875}},{"type":"Feature","geometry":{"type":"LineString","coordinates":[[-98.62919,29.405527,0],[-98.630568,29.405513,0],[-98.63103,29.405579,0],[-98.631389,29.405766,0],[-98.633454,29.40305,0],[-98.63302,29.402588,0],[-98.632805,29.40185,0],[-98.631711,29.402102,0],[-98.630585,29.402433,0],[-98.628464,29.402871,0],[-98.629041,29.403947,0],[-98.629206,29.404588,0],[-98.629179,29.414407,0],[-98.629681,29.416483,0],[-98.629642,29.420873,0],[-98.629416,29.421629,0],[-98.628934,29.422181,0],[-98.62605,29.424685,0],[-98.625642,29.425386,0],[-98.625535,29.426078,0],[-98.625492,29.429984,0],[-98.625663,29.430685,0],[-98.626264,29.431367,0],[-98.629365,29.432768,0],[-98.630009,29.433245,0],[-98.631071,29.4346,0],[-98.635427,29.44043,0],[-98.636296,29.441028,0],[-98.640405,29.443616,0],[-98.641016,29.444289,0],[-98.641671,29.445139,0],[-98.642626,29.445952,0],[-98.644029,29.446654,0],[-98.645274,29.447271,0],[-98.646153,29.448083,0],[-98.646722,29.448971,0],[-98.647001,29.44955,0],[-98.653535,29.447037,0],[-98.653181,29.446299,0],[-98.653052,29.445738,0],[-98.653127,29.444954,0],[-98.653374,29.444402,0],[-98.654018,29.443748,0],[-98.654801,29.443421,0],[-98.655487,29.443206,0],[-98.656024,29.442851,0],[-98.656421,29.442487,0],[-98.656657,29.442169,0],[-98.657601,29.442646,0],[-98.658255,29.443225,0],[-98.658631,29.443851,0],[-98.659114,29.444888,0],[-98.664183,29.442944,0],[-98.665213,29.443869,0],[-98.666715,29.444747,0],[-98.668303,29.445476,0],[-98.669773,29.445887,0],[-98.671307,29.44613,0],[-98.672519,29.446195,0],[-98.676221,29.446055,0],[-98.677498,29.446092,0],[-98.679171,29.446317,0],[-98.680791,29.446765,0],[-98.682218,29.447391,0],[-98.684651,29.449123,0],[-98.685305,29.449711,0],[-98.685799,29.450384,0],[-98.686228,29.451159,0],[-98.687237,29.453215,0],[-98.688685,29.455961,0],[-98.690766,29.460015,0],[-98.69142,29.461202,0],[-98.692332,29.46264,0],[-98.696978,29.461174,0],[-98.698069,29.463219,0],[-98.698713,29.464377,0],[-98.699421,29.465124,0],[-98.700387,29.46576,0],[-98.702758,29.466666,0],[-98.703712,29.466815,0],[-98.704494,29.467164,0],[-98.705477,29.468019,0],[-98.706175,29.468468,0],[-98.707142,29.468901,0],[-98.707979,29.469135,0],[-98.708728,29.469252,0],[-98.710708,29.469327,0],[-98.710391,29.476777,0],[-98.710214,29.478234,0],[-98.710048,29.479299,0],[-98.709967,29.48097,0],[-98.709983,29.482016,0],[-98.709854,29.482862,0],[-98.709189,29.484828,0],[-98.708703,29.485788,0],[-98.707528,29.487418,0],[-98.706606,29.489479,0],[-98.705844,29.490688,0],[-98.704106,29.493845,0],[-98.70965,29.496007,0],[-98.714405,29.486292,0],[-98.715806,29.48667,0],[-98.716852,29.486899,0],[-98.718257,29.4871,0],[-98.721036,29.487095,0],[-98.722452,29.486988,0],[-98.724635,29.486553,0],[-98.728315,29.485288,0],[-98.730011,29.484854,0],[-98.731775,29.484611,0],[-98.733546,29.484513,0],[-98.739132,29.484543,0],[-98.739319,29.484282,0],[-98.739185,29.48403,0],[-98.732625,29.48402,0],[-98.730581,29.484226,0],[-98.728623,29.484665,0],[-98.724696,29.485981,0],[-98.72329,29.486341,0],[-98.722185,29.4865,0],[-98.720882,29.486607,0],[-98.718382,29.486575,0],[-98.716842,29.486346,0],[-98.715501,29.486061,0],[-98.713822,29.485505,0],[-98.712465,29.484963,0],[-98.711135,29.484268,0],[-98.711335,29.483592,0],[-98.711373,29.483055,0],[-98.711292,29.482439,0],[-98.711056,29.48172,0],[-98.711018,29.480781,0],[-98.711274,29.47573,0],[-98.711612,29.468996,0],[-98.711973,29.466684,0],[-98.712021,29.465371,0],[-98.709494,29.465259,0],[-98.708322,29.465278,0],[-98.707518,29.465457,0],[-98.70638,29.465904,0],[-98.704662,29.467272,0],[-98.705477,29.468019,0],[-98.706175,29.468468,0],[-98.705917,29.46915,0],[-98.705998,29.469729,0],[-98.706271,29.470004,0],[-98.706499,29.469903,0],[-98.706746,29.469824,0],[-98.707167,29.469855,0],[-98.707612,29.469752,0],[-98.708717,29.469794,0],[-98.708728,29.469252,0]]},"properties":{"name":"516 | Military Drive West","styleUrl":"#line-01579B-4875-nodesc","stroke-opacity":1,"stroke":"#01579b","stroke-width":4.875}},{"type":"Feature","geometry":{"type":"LineString","coordinates":[[-98.692332,29.46264,0],[-98.691135,29.463093,0],[-98.689816,29.460291,0],[-98.68532,29.451603,0],[-98.684151,29.450229,0],[-98.683056,29.449052,0],[-98.681876,29.448233,0],[-98.680181,29.447467,0],[-98.678443,29.446991,0],[-98.676662,29.446888,0],[-98.672842,29.447047,0],[-98.6715,29.447098,0],[-98.669408,29.446743,0],[-98.66782,29.44622,0],[-98.666072,29.445426,0],[-98.66296,29.443436,0]]},"properties":{"name":"516 | Military Drive West","styleUrl":"#line-01579B-4875-nodesc","stroke-opacity":1,"stroke":"#01579b","stroke-width":4.875}},{"type":"Feature","geometry":{"type":"LineString","coordinates":[[-98.511182,29.425603,0],[-98.50956,29.425554,0],[-98.503919,29.425035,0],[-98.503644,29.427814,0],[-98.504915,29.427921,0],[-98.504999,29.427027,0],[-98.503696,29.426919,0],[-98.503806,29.426126,0],[-98.509635,29.426647,0],[-98.510214,29.426629,0],[-98.511043,29.426673,0],[-98.511204,29.425258,0],[-98.511312,29.424833,0],[-98.511864,29.424122,0],[-98.512304,29.423856,0],[-98.512948,29.423697,0],[-98.513484,29.423365,0],[-98.513811,29.422842,0],[-98.515196,29.412076,0],[-98.52602,29.413029,0],[-98.527651,29.413085,0],[-98.528853,29.413048,0],[-98.529475,29.412879,0],[-98.530087,29.412898,0],[-98.530516,29.413104,0],[-98.531063,29.413468,0],[-98.531685,29.413515,0],[-98.533423,29.413702,0],[-98.533691,29.411543,0],[-98.546716,29.412758,0],[-98.547843,29.412795,0],[-98.556308,29.41358,0],[-98.555878,29.41615,0],[-98.550846,29.417323,0],[-98.551039,29.418033,0],[-98.554451,29.417145,0],[-98.554247,29.416528,0],[-98.555878,29.41615,0],[-98.555037,29.423444,0],[-98.551303,29.423071,0],[-98.550949,29.42579,0],[-98.550837,29.427551,0],[-98.550494,29.430373,0],[-98.587562,29.433941,0],[-98.58783,29.40885,0],[-98.586736,29.409046,0],[-98.574312,29.411915,0],[-98.574408,29.411149,0],[-98.574387,29.410448,0],[-98.574637,29.408531,0],[-98.574994,29.408559,0],[-98.574951,29.409029,0],[-98.574584,29.409027,0]]},"properties":{"name":"67 | Laredo","styleUrl":"#line-01579B-4875-nodesc","stroke-opacity":1,"stroke":"#01579b","stroke-width":4.875}},{"type":"Feature","geometry":{"type":"LineString","coordinates":[[-98.491166,29.434671,0],[-98.491796,29.434292,0],[-98.491602,29.434051,0],[-98.490971,29.434424,0],[-98.493962,29.438279,0],[-98.49407,29.449572,0],[-98.493995,29.450097,0],[-98.493969,29.452934,0],[-98.514962,29.453003,0],[-98.568084,29.458068,0],[-98.568151,29.458451,0],[-98.568581,29.459413,0],[-98.569149,29.459497,0],[-98.580704,29.463028,0],[-98.58116,29.462818,0],[-98.581718,29.462902,0],[-98.582233,29.462814,0],[-98.583392,29.463332,0],[-98.583703,29.463883,0],[-98.583998,29.464089,0],[-98.584389,29.464106,0],[-98.584915,29.463966,0],[-98.585178,29.463974,0],[-98.58603,29.463801,0],[-98.58676,29.463754,0],[-98.592495,29.463792,0],[-98.593208,29.463866,0],[-98.601185,29.466248,0],[-98.601931,29.466356,0],[-98.602502,29.466369,0],[-98.602592,29.456245,0],[-98.598543,29.456228,0],[-98.598865,29.457359,0],[-98.598843,29.460255,0],[-98.599108,29.460576,0],[-98.599205,29.460921,0],[-98.599129,29.463363,0],[-98.598909,29.464064,0],[-98.598394,29.465409,0]]},"properties":{"name":"90 | Ingram Hills","styleUrl":"#line-01579B-4875-nodesc","stroke-opacity":1,"stroke":"#01579b","stroke-width":4.875}},{"type":"Feature","geometry":{"type":"LineString","coordinates":[[-98.597251,29.608309,0],[-98.59848,29.607331,0],[-98.599886,29.60651,0],[-98.601248,29.605894,0],[-98.603952,29.612629,0],[-98.60245,29.613011,0],[-98.601574,29.612913,0],[-98.600519,29.612843,0],[-98.595605,29.613384,0],[-98.594554,29.61316,0],[-98.595111,29.610801,0],[-98.595498,29.609952,0],[-98.596227,29.60915,0],[-98.597151,29.608396,0],[-98.596105,29.607468,0],[-98.595789,29.606955,0],[-98.595623,29.606326,0],[-98.595741,29.604189,0],[-98.59588,29.603569,0],[-98.596395,29.602608,0],[-98.596674,29.601857,0],[-98.59683,29.600948,0],[-98.596685,29.600183,0],[-98.596347,29.599591,0],[-98.595724,29.599087,0],[-98.593573,29.597897,0],[-98.590215,29.595976,0],[-98.589818,29.595546,0],[-98.589518,29.594949,0],[-98.589539,29.593391,0],[-98.589496,29.592188,0],[-98.589378,29.591586,0],[-98.580323,29.592575,0],[-98.578017,29.593042,0],[-98.57602,29.593634,0],[-98.569981,29.596372,0],[-98.563548,29.599177,0],[-98.558941,29.591568,0],[-98.55766,29.589772,0],[-98.545078,29.57544,0],[-98.543358,29.572931,0],[-98.537726,29.563422,0],[-98.536907,29.561718,0],[-98.52755,29.540677,0],[-98.520405,29.535048,0],[-98.525361,29.530148,0],[-98.525705,29.529662,0],[-98.525887,29.528999,0],[-98.526036,29.473511,0],[-98.527526,29.473408,0],[-98.529086,29.473091,0],[-98.530236,29.47271,0],[-98.531591,29.472059,0],[-98.532457,29.471452,0],[-98.50409,29.442246,0],[-98.503463,29.441807,0],[-98.501963,29.441338,0],[-98.500973,29.440892,0],[-98.500374,29.440649,0],[-98.491156,29.440624,0],[-98.48744,29.435871,0],[-98.49178,29.43332,0],[-98.492659,29.43442,0],[-98.488309,29.436976,0]]},"properties":{"name":"97 | West Avenue","styleUrl":"#line-01579B-4875-nodesc","stroke-opacity":1,"stroke":"#01579b","stroke-width":4.875}},{"type":"Feature","geometry":{"type":"LineString","coordinates":[[-98.589496,29.592188,0],[-98.583842,29.592821,0],[-98.582609,29.593044,0],[-98.580039,29.593352,0],[-98.578269,29.593697,0],[-98.576863,29.594089,0],[-98.575109,29.594773,0],[-98.566245,29.599051,0],[-98.564062,29.600012,0],[-98.563501,29.599064,0]]},"properties":{"name":"97 | West Avenue","styleUrl":"#line-01579B-4875-nodesc","stroke-opacity":1,"stroke":"#01579b","stroke-width":4.875}},{"type":"Feature","geometry":{"type":"LineString","coordinates":[[-98.532457,29.471452,0],[-98.533273,29.472319,0],[-98.53266,29.472728,0],[-98.531052,29.47358,0],[-98.529534,29.474106,0],[-98.52778,29.474458,0],[-98.526037,29.474601,0]]},"properties":{"name":"97 | West Avenue","styleUrl":"#line-01579B-4875-nodesc","stroke-opacity":1,"stroke":"#01579b","stroke-width":4.875}},{"type":"Feature","geometry":{"type":"LineString","coordinates":[[-98.598288,29.568944,0],[-98.59831,29.569903,0],[-98.59861,29.569903,0],[-98.598496,29.569177,0],[-98.598181,29.568601,0],[-98.597687,29.568312,0],[-98.5967,29.568373,0],[-98.595402,29.568373,0],[-98.594748,29.568671,0],[-98.594555,29.568419,0],[-98.594222,29.567356,0],[-98.594174,29.566366,0],[-98.593642,29.564612,0],[-98.593524,29.56401,0],[-98.593532,29.56233,0],[-98.593463,29.56162,0],[-98.593137,29.560839,0],[-98.592896,29.560068,0],[-98.59257,29.557094,0],[-98.592564,29.556435,0],[-98.592818,29.555891,0],[-98.593032,29.555233,0],[-98.592955,29.55394,0],[-98.591078,29.553946,0],[-98.590977,29.553384,0],[-98.590136,29.552492,0],[-98.590057,29.552076,0],[-98.590199,29.551627,0],[-98.590109,29.550695,0],[-98.589958,29.550234,0],[-98.589688,29.549876,0],[-98.589365,29.549411,0],[-98.589171,29.548834,0],[-98.589134,29.547053,0],[-98.589366,29.546419,0],[-98.589691,29.545974,0],[-98.589927,29.545445,0],[-98.589959,29.544843,0],[-98.589144,29.544729,0],[-98.588795,29.544561,0],[-98.587229,29.543595,0],[-98.586805,29.543096,0],[-98.586553,29.542633,0],[-98.586494,29.542064,0],[-98.58666,29.540953,0],[-98.586633,29.540458,0],[-98.586397,29.539838,0],[-98.585898,29.539184,0],[-98.584975,29.53847,0],[-98.594045,29.529577,0],[-98.591599,29.527738,0],[-98.591009,29.52714,0],[-98.590752,29.526384,0],[-98.591149,29.523135,0],[-98.591084,29.52265,0],[-98.590859,29.522164,0],[-98.590437,29.521706,0],[-98.587504,29.519396,0],[-98.586786,29.518621,0],[-98.585659,29.51681,0],[-98.584929,29.515997,0],[-98.584071,29.515381,0],[-98.583073,29.514961,0],[-98.581625,29.514644,0],[-98.579801,29.514504,0],[-98.579072,29.514186,0],[-98.578238,29.513548,0],[-98.579764,29.51155,0],[-98.580111,29.510608,0],[-98.583355,29.51139,0],[-98.584686,29.511493,0],[-98.586031,29.511341,0],[-98.587195,29.511029,0],[-98.588348,29.510404,0],[-98.589512,29.509535,0],[-98.590851,29.508169,0],[-98.589974,29.507532,0],[-98.589158,29.508423,0],[-98.569889,29.493718,0],[-98.569653,29.492093,0],[-98.569009,29.491113,0],[-98.567168,29.488923,0],[-98.565499,29.488077,0],[-98.562184,29.485826,0],[-98.555833,29.483181,0],[-98.555213,29.482806,0],[-98.554644,29.481881,0],[-98.553679,29.480789,0],[-98.552427,29.479549,0],[-98.54879,29.477317,0],[-98.547395,29.476327,0],[-98.543479,29.473235,0],[-98.5426,29.472899,0],[-98.539398,29.472558,0],[-98.540694,29.462149,0],[-98.540782,29.460882,0],[-98.540535,29.459724,0],[-98.540053,29.458565,0],[-98.539226,29.457071,0],[-98.539108,29.456604,0],[-98.539141,29.455931,0],[-98.54031,29.446448,0],[-98.540696,29.445617,0],[-98.543293,29.423378,0],[-98.543572,29.422902,0],[-98.544044,29.422612,0],[-98.544773,29.422565,0],[-98.545267,29.422575,0],[-98.545685,29.422388,0],[-98.546061,29.42207,0],[-98.546254,29.42135,0],[-98.546629,29.418304,0],[-98.550846,29.417323,0],[-98.551039,29.418033,0],[-98.554451,29.417145,0],[-98.554247,29.416528,0],[-98.555878,29.41615,0],[-98.555019,29.423509,0],[-98.568248,29.424743,0],[-98.568849,29.419836,0],[-98.585403,29.421332,0],[-98.599598,29.415351,0],[-98.599587,29.407836,0],[-98.595692,29.408098,0],[-98.595671,29.416986,0]]},"properties":{"name":"522 | Babcock","styleUrl":"#line-01579B-4875-nodesc","stroke-opacity":1,"stroke":"#01579b","stroke-width":4.875}},{"type":"Feature","geometry":{"type":"LineString","coordinates":[[-98.565371,29.379428,0],[-98.567291,29.378302,0],[-98.566119,29.377164,0],[-98.565856,29.376347,0],[-98.564128,29.374012,0],[-98.563047,29.372962,0],[-98.560801,29.375025,0],[-98.56607,29.380061,0],[-98.56725,29.380688,0],[-98.568012,29.381464,0],[-98.568398,29.382342,0],[-98.568429,29.387032,0],[-98.568592,29.390148,0],[-98.567991,29.395579,0],[-98.568463,29.396664,0],[-98.569332,29.397402,0],[-98.573183,29.398767,0],[-98.574364,29.399487,0],[-98.574943,29.400468,0],[-98.575394,29.401786,0],[-98.575469,29.402823,0],[-98.570918,29.439319,0],[-98.57051,29.440262,0],[-98.569845,29.441271,0],[-98.569619,29.442019,0],[-98.568986,29.447027,0],[-98.569126,29.447952,0],[-98.569072,29.448849,0],[-98.568084,29.458068,0],[-98.568151,29.458451,0],[-98.568632,29.459494,0],[-98.568766,29.461811,0],[-98.569008,29.46239,0],[-98.569496,29.462988,0],[-98.570338,29.463548,0],[-98.570783,29.463983,0],[-98.571105,29.464655,0],[-98.571245,29.466729,0],[-98.571298,29.467579,0],[-98.570901,29.468242,0],[-98.568391,29.470671,0],[-98.568101,29.471194,0],[-98.567608,29.472613,0],[-98.566766,29.474038,0],[-98.565854,29.475093,0],[-98.554095,29.491857,0],[-98.553976,29.491659,0],[-98.550949,29.488282,0],[-98.549111,29.493298,0],[-98.548689,29.493539,0]]},"properties":{"name":"526 | SW 36th Street","description":{"@type":"html","value":"This alignment is proposed as \"544 Hillcrest / Port SA\" in the Better Bus proposals."},"styleUrl":"#line-01579B-4875","stroke-opacity":1,"stroke":"#01579b","stroke-width":4.875}},{"type":"Feature","geometry":{"type":"LineString","coordinates":[[-98.59832,29.568951,0],[-98.59831,29.569903,0],[-98.59861,29.569903,0],[-98.598496,29.569177,0],[-98.598181,29.568601,0],[-98.597687,29.568312,0],[-98.597151,29.568307,0],[-98.5967,29.568373,0],[-98.595402,29.568373,0],[-98.595059,29.568489,0],[-98.594748,29.568671,0],[-98.594549,29.568387,0],[-98.594222,29.567356,0],[-98.594163,29.566945,0],[-98.594174,29.566366,0],[-98.59363,29.564581,0],[-98.593524,29.56401,0],[-98.593508,29.563054,0],[-98.602385,29.563078,0],[-98.608699,29.562999,0],[-98.613313,29.563004,0],[-98.614058,29.562845,0],[-98.614536,29.562477,0],[-98.614841,29.562117,0],[-98.614981,29.561707,0],[-98.615018,29.561249,0],[-98.61497,29.552221,0],[-98.617395,29.552202,0],[-98.618072,29.552082,0],[-98.61878,29.551802,0],[-98.619252,29.551471,0],[-98.619692,29.551004,0],[-98.61995,29.550584,0],[-98.620169,29.550019,0],[-98.620524,29.548633,0],[-98.620599,29.548003,0],[-98.620593,29.544204,0],[-98.620663,29.543434,0],[-98.620813,29.542683,0],[-98.620786,29.542081,0],[-98.620502,29.54139,0],[-98.620127,29.540905,0],[-98.619644,29.540532,0],[-98.619075,29.540238,0],[-98.618329,29.540046,0],[-98.617906,29.53999,0],[-98.617825,29.539066,0],[-98.617541,29.53845,0],[-98.617471,29.537867,0],[-98.617375,29.523038,0],[-98.610964,29.523071,0],[-98.610417,29.522958,0],[-98.609999,29.522744,0],[-98.609446,29.52238,0],[-98.608942,29.5223,0],[-98.608411,29.522361,0],[-98.605932,29.522781,0],[-98.605401,29.522772,0],[-98.604849,29.522608,0],[-98.60435,29.52217,0],[-98.603642,29.520797,0],[-98.603363,29.520526,0],[-98.603191,29.520354,0],[-98.599854,29.523775,0],[-98.599286,29.522828,0],[-98.596437,29.519023,0],[-98.592763,29.515275,0],[-98.592077,29.514266,0],[-98.591742,29.513281,0],[-98.591441,29.511563,0],[-98.591173,29.510657,0],[-98.590679,29.509854,0],[-98.589907,29.509009,0],[-98.584154,29.504522,0],[-98.5891,29.499568,0],[-98.590034,29.498889,0],[-98.591659,29.498196,0],[-98.592619,29.497553,0],[-98.599799,29.4903,0],[-98.594324,29.486046,0],[-98.591535,29.488847,0],[-98.591025,29.48959,0],[-98.590623,29.490216,0],[-98.590145,29.490524,0],[-98.588874,29.490967,0],[-98.58845,29.491191,0],[-98.588176,29.49143,0],[-98.587552,29.49097,0],[-98.586701,29.490715,0],[-98.586031,29.490253,0],[-98.586331,29.489856,0],[-98.586363,29.489539,0],[-98.585666,29.487942,0],[-98.593385,29.485317,0],[-98.594287,29.486008,0]]},"properties":{"name":"604 | Medical Center / University Heights","styleUrl":"#line-01579B-4875-nodesc","stroke-opacity":1,"stroke":"#01579b","stroke-width":4.875}},{"type":"Feature","geometry":{"type":"LineString","coordinates":[[-98.624918,29.464508,0],[-98.622402,29.465536,0],[-98.621936,29.466068,0],[-98.621253,29.465861,0],[-98.618258,29.466193,0],[-98.605867,29.479339,0],[-98.604665,29.480305,0],[-98.60312,29.481202,0],[-98.60194,29.481744,0],[-98.599679,29.482481,0],[-98.592732,29.484844,0],[-98.594324,29.486046,0],[-98.591535,29.488847,0],[-98.590623,29.490216,0],[-98.590145,29.490524,0],[-98.588874,29.490967,0],[-98.58845,29.491191,0],[-98.588075,29.491556,0],[-98.587616,29.49224,0],[-98.587157,29.492578,0],[-98.586632,29.492695,0],[-98.586009,29.492648,0],[-98.585425,29.492434,0],[-98.584142,29.49149,0],[-98.583591,29.490956,0],[-98.583267,29.490394,0],[-98.58274,29.488927,0],[-98.585666,29.487942,0],[-98.586363,29.489539,0],[-98.58631,29.489891,0],[-98.586031,29.490253,0],[-98.583377,29.492885,0],[-98.58733,29.49599,0],[-98.587781,29.496181,0],[-98.588237,29.496251,0],[-98.590619,29.496246,0],[-98.590603,29.497759,0],[-98.59079,29.498352,0],[-98.591069,29.498819,0],[-98.59196,29.499505,0],[-98.592561,29.499645,0],[-98.593993,29.499715,0],[-98.594486,29.499874,0],[-98.595597,29.500313,0],[-98.596106,29.500388,0],[-98.596632,29.500439,0],[-98.59704,29.50064,0],[-98.598874,29.502045,0],[-98.599282,29.501746,0],[-98.599754,29.501602,0],[-98.600296,29.501639,0],[-98.600741,29.501849,0],[-98.603649,29.5041,0],[-98.600301,29.507475,0],[-98.599631,29.506994,0],[-98.594374,29.51233,0],[-98.59557,29.513227,0],[-98.593115,29.515638,0],[-98.592763,29.515275,0],[-98.592077,29.514266,0],[-98.591742,29.513281,0],[-98.591173,29.510657,0],[-98.590679,29.509854,0],[-98.589907,29.509009,0],[-98.589158,29.508423,0],[-98.590156,29.507387,0],[-98.590899,29.507919,0],[-98.589378,29.509479,0],[-98.588278,29.51031,0],[-98.587125,29.510899,0],[-98.585967,29.51122,0],[-98.58467,29.511349,0],[-98.583366,29.511236,0],[-98.580111,29.510608,0],[-98.579764,29.51155,0],[-98.57376,29.519571,0],[-98.573205,29.520158,0],[-98.573655,29.521399,0],[-98.577067,29.521073,0],[-98.5805,29.521185,0],[-98.586562,29.521014,0],[-98.587838,29.520706,0],[-98.588555,29.520278,0],[-98.590437,29.521706,0],[-98.590859,29.522164,0],[-98.591084,29.52265,0],[-98.591149,29.523135,0],[-98.590682,29.526391,0],[-98.591009,29.52714,0],[-98.591669,29.527754,0],[-98.594045,29.529577,0],[-98.584975,29.53847,0],[-98.585898,29.539184,0],[-98.586397,29.539838,0],[-98.586633,29.540458,0],[-98.58666,29.540953,0],[-98.586494,29.542064,0],[-98.58662,29.542675,0],[-98.586805,29.543096,0],[-98.586451,29.543404,0],[-98.586381,29.543642,0],[-98.586381,29.545662,0],[-98.586145,29.5459,0],[-98.586107,29.546124,0],[-98.586317,29.546212,0],[-98.586545,29.546138,0],[-98.586537,29.545953,0],[-98.586384,29.545695,0]]},"properties":{"name":"607 | Ingram / Medical Center","styleUrl":"#line-01579B-4875-nodesc","stroke-opacity":1,"stroke":"#01579b","stroke-width":4.875}},{"type":"Feature","geometry":{"type":"LineString","coordinates":[[-98.585666,29.487942,0],[-98.602486,29.482268,0],[-98.603806,29.48167,0],[-98.606091,29.480054,0],[-98.607385,29.478757,0],[-98.619663,29.466031,0]]},"properties":{"name":"607 | Ingram / Medical Center","styleUrl":"#line-01579B-4875-nodesc","stroke-opacity":1,"stroke":"#01579b","stroke-width":4.875}},{"type":"Feature","geometry":{"type":"LineString","coordinates":[[-98.595333,29.575364,0],[-98.597734,29.582988,0],[-98.598125,29.58477,0],[-98.59864,29.588385,0],[-98.599292,29.5892,0],[-98.600053,29.58969,0],[-98.600246,29.590231,0],[-98.600343,29.59123,0],[-98.596688,29.591554,0],[-98.596552,29.590392,0],[-98.596681,29.589907,0],[-98.59718,29.589295,0],[-98.59747,29.588854,0],[-98.597535,29.588354,0],[-98.59698,29.584703,0],[-98.596636,29.583136,0],[-98.59423,29.575604,0],[-98.596443,29.575112,0],[-98.59728,29.575056,0],[-98.599007,29.575326,0],[-98.600338,29.57555,0],[-98.601228,29.575951,0],[-98.601936,29.576558,0],[-98.603041,29.578088,0],[-98.603646,29.578566,0],[-98.604784,29.579014,0],[-98.605696,29.579098,0],[-98.609569,29.579089,0],[-98.610363,29.579192,0],[-98.611833,29.579593,0],[-98.612787,29.579658,0],[-98.616017,29.579546,0],[-98.617133,29.579304,0],[-98.618163,29.578781,0],[-98.619085,29.577932,0],[-98.619804,29.577475,0],[-98.620909,29.577204,0],[-98.622132,29.577148,0],[-98.624985,29.57715,0],[-98.624985,29.57552,0],[-98.625135,29.575314,0],[-98.625865,29.574819,0],[-98.626316,29.574688,0],[-98.627807,29.574687,0],[-98.628198,29.574585,0],[-98.628407,29.574352,0],[-98.628461,29.572159,0],[-98.63154,29.57208,0],[-98.634728,29.572044,0],[-98.635575,29.57182,0],[-98.636799,29.571176,0],[-98.637539,29.570943,0],[-98.638107,29.570915,0],[-98.638065,29.568638,0],[-98.637871,29.568209,0],[-98.636573,29.566445,0],[-98.636477,29.565895,0],[-98.636584,29.565503,0],[-98.636992,29.565064,0],[-98.637689,29.564756,0],[-98.638075,29.564383,0],[-98.638322,29.563823,0],[-98.638322,29.56205,0],[-98.638504,29.561434,0],[-98.63932,29.55981,0],[-98.639384,29.559157,0],[-98.639352,29.556646,0],[-98.639556,29.555956,0],[-98.639931,29.55533,0],[-98.640448,29.554856,0],[-98.642079,29.553549,0],[-98.642787,29.552737,0],[-98.643184,29.551766,0],[-98.643259,29.551141,0],[-98.643184,29.549993,0],[-98.642637,29.549153,0],[-98.641285,29.548341,0],[-98.64063,29.54765,0],[-98.640226,29.546829,0],[-98.640118,29.546026,0],[-98.640129,29.544402,0],[-98.651833,29.544375,0],[-98.651876,29.539876,0],[-98.652134,29.539568,0],[-98.654902,29.541183,0],[-98.65605,29.542107,0],[-98.657051,29.543056,0],[-98.657907,29.542276,0],[-98.658229,29.541342,0],[-98.658025,29.540549,0],[-98.657371,29.539494,0],[-98.657156,29.538673,0],[-98.656888,29.537945,0],[-98.656223,29.536927,0],[-98.656105,29.536199,0],[-98.656212,29.535228,0],[-98.656673,29.534426,0],[-98.658551,29.532792,0],[-98.658808,29.532213,0],[-98.658937,29.53085,0],[-98.659828,29.529712,0],[-98.660149,29.529002,0],[-98.6606,29.527583,0],[-98.66119,29.526696,0],[-98.662907,29.525006,0],[-98.663379,29.524325,0],[-98.663679,29.523205,0],[-98.663593,29.522131,0],[-98.6634,29.521496,0],[-98.662681,29.520355,0],[-98.662445,29.519702,0],[-98.662412,29.518964,0],[-98.665486,29.519015,0],[-98.665486,29.516839,0],[-98.665636,29.516438,0],[-98.666081,29.515845,0],[-98.665214,29.515537,0],[-98.662424,29.515565,0],[-98.662412,29.518964,0],[-98.638208,29.519132,0],[-98.637232,29.519263,0],[-98.636416,29.517846,0],[-98.634436,29.515231,0],[-98.633368,29.515828,0],[-98.632826,29.516395,0],[-98.632114,29.517995,0]]},"properties":{"name":"605 | Braun Station","styleUrl":"#line-01579B-4875-nodesc","stroke-opacity":1,"stroke":"#01579b","stroke-width":4.875}},{"type":"Feature","geometry":{"type":"LineString","coordinates":[[-98.624878,29.464613,0],[-98.633381,29.461218,0],[-98.634958,29.464356,0],[-98.637275,29.463478,0],[-98.638005,29.464851,0],[-98.639324,29.466439,0],[-98.640065,29.466757,0],[-98.640902,29.466776,0],[-98.641556,29.466486,0],[-98.6425,29.465841,0],[-98.643144,29.465197,0],[-98.643434,29.464571,0],[-98.644034,29.464001,0],[-98.65029,29.469569,0],[-98.65108,29.470496,0],[-98.652786,29.473036,0],[-98.65344,29.473803,0],[-98.654374,29.474485,0],[-98.655329,29.474952,0],[-98.658065,29.475596,0],[-98.657518,29.47737,0],[-98.657673,29.478075,0],[-98.658038,29.478841,0],[-98.658118,29.479397,0],[-98.65785,29.480163,0],[-98.657544,29.480621,0],[-98.657201,29.480989,0],[-98.657131,29.481466,0],[-98.6574,29.481872,0],[-98.658488,29.482703,0],[-98.659079,29.483161,0],[-98.659331,29.483558,0],[-98.660307,29.48551,0],[-98.66234,29.484721,0],[-98.662801,29.484366,0],[-98.663038,29.484034,0],[-98.663504,29.483217,0],[-98.666433,29.484469,0],[-98.665907,29.485416,0],[-98.665478,29.490226,0],[-98.668343,29.490245,0],[-98.669512,29.490618,0],[-98.671132,29.491132,0],[-98.672162,29.491151,0],[-98.673911,29.49074,0],[-98.675016,29.49073,0],[-98.676304,29.491123,0],[-98.67699,29.491179,0],[-98.678031,29.492318,0],[-98.678964,29.492719,0],[-98.680756,29.493186,0],[-98.680652,29.493843,0],[-98.680663,29.49798,0],[-98.680974,29.49882,0],[-98.681829,29.499863,0],[-98.682365,29.50043,0],[-98.682623,29.500915,0],[-98.682623,29.501382,0],[-98.681679,29.50296,0],[-98.681636,29.503567,0],[-98.681652,29.507629,0],[-98.681443,29.508273,0],[-98.680858,29.50888,0],[-98.680568,29.509268,0],[-98.680423,29.509795,0],[-98.682862,29.510232,0],[-98.683908,29.510629,0],[-98.684814,29.511516,0],[-98.685058,29.511974,0],[-98.685745,29.511675,0],[-98.686078,29.511273,0],[-98.686228,29.510592,0],[-98.686314,29.509948,0],[-98.686614,29.509322,0],[-98.687193,29.508706,0],[-98.689253,29.506829,0],[-98.689554,29.506493,0],[-98.68979,29.504252,0],[-98.689768,29.500946,0],[-98.689972,29.500386,0],[-98.691313,29.498033,0],[-98.691732,29.496819,0],[-98.691828,29.495773,0],[-98.692,29.495073,0],[-98.692021,29.492944,0],[-98.691893,29.492393,0],[-98.691528,29.491814,0],[-98.690745,29.490254,0],[-98.690648,29.489722,0],[-98.685063,29.490681,0],[-98.683893,29.490718,0],[-98.682724,29.490615,0],[-98.681757,29.490378,0],[-98.680767,29.493168,0],[-98.682183,29.493532,0],[-98.683986,29.4937,0],[-98.685498,29.493635,0],[-98.688331,29.493186,0],[-98.689114,29.492934,0],[-98.692,29.492953,0]]},"properties":{"name":"610 | Ingram / Northwest Crossing","styleUrl":"#line-01579B-4875-nodesc","stroke-opacity":1,"stroke":"#01579b","stroke-width":4.875}},{"type":"Feature","geometry":{"type":"LineString","coordinates":[[-98.624918,29.464508,0],[-98.622402,29.465536,0],[-98.621936,29.466068,0],[-98.622998,29.46653,0],[-98.62344,29.46716,0],[-98.624233,29.468775,0],[-98.624362,29.469406,0],[-98.624212,29.470158,0],[-98.623826,29.470803,0],[-98.62447,29.471158,0],[-98.625972,29.47339,0],[-98.626101,29.473876,0],[-98.625918,29.474632,0],[-98.62594,29.475099,0],[-98.626594,29.476398,0],[-98.626626,29.476855,0],[-98.626487,29.47749,0],[-98.626583,29.478069,0],[-98.627517,29.480376,0],[-98.629196,29.48255,0],[-98.629625,29.482895,0],[-98.62999,29.483512,0],[-98.633088,29.482401,0],[-98.639744,29.478924,0],[-98.641162,29.478387,0],[-98.64279,29.478076,0],[-98.645375,29.477665,0],[-98.645558,29.478375,0],[-98.646191,29.479178,0],[-98.646427,29.479804,0],[-98.646394,29.480551,0],[-98.645997,29.481616,0],[-98.646115,29.482157,0],[-98.646502,29.482652,0],[-98.647478,29.484604,0],[-98.647607,29.485249,0],[-98.65177,29.493579,0],[-98.653475,29.492897,0],[-98.654162,29.492309,0],[-98.656158,29.489517,0],[-98.656286,29.489068,0],[-98.656383,29.488312,0],[-98.656694,29.487845,0],[-98.658743,29.486192,0],[-98.659301,29.485884,0],[-98.66234,29.484721,0],[-98.662801,29.484366,0],[-98.663504,29.483217,0],[-98.666433,29.484469,0],[-98.665907,29.485416,0],[-98.665213,29.493402,0],[-98.66488,29.494149,0],[-98.664172,29.494672,0],[-98.66311,29.495307,0],[-98.662573,29.49582,0],[-98.662337,29.496436,0],[-98.662412,29.518964,0],[-98.665486,29.519015,0],[-98.665486,29.516839,0],[-98.665636,29.516438,0],[-98.666081,29.515845,0],[-98.666768,29.516223,0],[-98.668855,29.518688,0],[-98.668946,29.51946,0],[-98.668978,29.53168,0],[-98.670512,29.531708,0],[-98.67151,29.531885,0],[-98.672347,29.532249,0],[-98.673591,29.532931,0],[-98.674578,29.53337,0],[-98.682775,29.536497,0],[-98.681895,29.53842,0],[-98.681273,29.539372,0],[-98.680329,29.540492,0],[-98.67932,29.541416,0],[-98.678129,29.54276,0],[-98.67623,29.544869,0],[-98.672958,29.548155,0],[-98.671939,29.549592,0],[-98.667806,29.553962,0],[-98.664289,29.550899,0],[-98.66371,29.550255,0],[-98.662809,29.5513,0],[-98.66238,29.552924,0]]},"properties":{"name":"608 | Tezel","styleUrl":"#line-01579B-4875-nodesc","stroke-opacity":1,"stroke":"#01579b","stroke-width":4.875}},{"type":"Feature","geometry":{"type":"LineString","coordinates":[[-98.681477,29.535974,0],[-98.680694,29.537907,0],[-98.679997,29.539176,0],[-98.678806,29.540744,0],[-98.672707,29.547088,0],[-98.671205,29.54846,0],[-98.667627,29.552249,0],[-98.666994,29.55272,0],[-98.666709,29.55266,0],[-98.666387,29.552431,0],[-98.665669,29.55209,0]]},"properties":{"name":"608 | Tezel","styleUrl":"#line-01579B-4875-nodesc","stroke-opacity":1,"stroke":"#01579b","stroke-width":4.875}},{"type":"Feature","geometry":{"type":"LineString","coordinates":[[-98.632086,29.518073,0],[-98.632826,29.516395,0],[-98.633368,29.515828,0],[-98.634537,29.515184,0],[-98.636631,29.518023,0],[-98.637216,29.519015,0],[-98.640526,29.526211,0],[-98.641304,29.527346,0],[-98.64618,29.533273,0],[-98.646982,29.534479,0],[-98.648742,29.537126,0],[-98.64957,29.537952,0],[-98.65023,29.538486,0],[-98.654902,29.541183,0],[-98.65605,29.542107,0],[-98.657051,29.543056,0],[-98.658832,29.544778,0],[-98.66371,29.550255,0],[-98.664289,29.550899,0],[-98.667806,29.553962,0],[-98.663839,29.557484,0],[-98.662241,29.558511,0],[-98.659977,29.560499,0],[-98.658335,29.562169,0],[-98.655224,29.565492,0],[-98.654162,29.567199,0],[-98.652767,29.569308,0],[-98.650643,29.572266,0],[-98.648862,29.574272,0],[-98.646652,29.576605,0],[-98.642017,29.581438,0],[-98.640762,29.582455,0],[-98.63823,29.585049,0],[-98.63677,29.586141,0],[-98.635065,29.586962,0],[-98.633294,29.587484,0],[-98.629567,29.587857,0],[-98.628108,29.587946,0],[-98.61958,29.588919,0],[-98.613624,29.589609,0],[-98.6099,29.589899,0],[-98.60525,29.59048,0],[-98.600857,29.591209,0],[-98.599183,29.591256,0],[-98.598512,29.591321,0],[-98.598363,29.590404,0],[-98.599962,29.590141,0],[-98.602392,29.589858,0],[-98.605126,29.589771,0],[-98.608796,29.589353,0],[-98.611618,29.588933,0],[-98.619821,29.587897,0],[-98.627035,29.587052,0],[-98.629803,29.586632,0],[-98.633064,29.586287,0],[-98.63462,29.586063,0],[-98.635822,29.585652,0],[-98.637066,29.584999,0],[-98.638128,29.584131,0],[-98.640145,29.581967,0],[-98.641358,29.580269,0],[-98.648471,29.572767,0],[-98.64978,29.571199,0],[-98.652848,29.566767,0],[-98.653529,29.565905,0],[-98.654763,29.564888,0],[-98.658561,29.560847,0],[-98.660192,29.559279,0],[-98.662102,29.557525,0],[-98.663378,29.55619,0],[-98.666704,29.553222,0],[-98.663593,29.550405,0],[-98.658818,29.54505,0],[-98.656962,29.543234,0],[-98.655106,29.54158,0],[-98.649918,29.538521,0],[-98.649151,29.537872,0],[-98.648513,29.537176,0],[-98.647735,29.536,0],[-98.646244,29.533704,0],[-98.64574,29.533036,0],[-98.641292,29.527673,0],[-98.640713,29.526861,0],[-98.64022,29.525993,0],[-98.637054,29.519143,0],[-98.636357,29.517934,0],[-98.63434,29.515292,0]]},"properties":{"name":"606 | Mainland / UTSA","styleUrl":"#line-01579B-4875-nodesc","stroke-opacity":1,"stroke":"#01579b","stroke-width":4.875}},{"type":"Feature","geometry":{"type":"LineString","coordinates":[[-98.484108,29.520024,0],[-98.486414,29.519982,0],[-98.49005,29.520048,0],[-98.4989,29.520174,0],[-98.498937,29.519237,0],[-98.498485,29.519567,0],[-98.498937,29.519237,0],[-98.49887,29.520867,0],[-98.492367,29.520818,0],[-98.48726,29.520767,0],[-98.484192,29.520711,0],[-98.481912,29.508704,0],[-98.481826,29.507228,0],[-98.481699,29.502994,0],[-98.482165,29.501912,0],[-98.482174,29.501335,0],[-98.481699,29.50018,0],[-98.481587,29.499011,0],[-98.481195,29.498336,0],[-98.480099,29.497415,0],[-98.47841,29.496864,0],[-98.477789,29.497309,0],[-98.476893,29.497818,0],[-98.476099,29.498037,0],[-98.475353,29.498135,0],[-98.474817,29.49811,0],[-98.469295,29.496621,0],[-98.468642,29.496557,0],[-98.467838,29.496664,0],[-98.467272,29.496915,0],[-98.466719,29.497239,0],[-98.466665,29.490154,0],[-98.45912,29.490188,0],[-98.459145,29.495715,0],[-98.424674,29.495743,0],[-98.423601,29.495911,0],[-98.420403,29.496574,0],[-98.419513,29.496583,0],[-98.394762,29.496518,0],[-98.392176,29.496621,0],[-98.389569,29.496555,0],[-98.38242,29.496559,0],[-98.380768,29.496802,0],[-98.379008,29.497455,0],[-98.377678,29.498529,0],[-98.37315,29.502563,0],[-98.371884,29.503198,0],[-98.370221,29.503618,0],[-98.368741,29.503534,0],[-98.362121,29.50218,0],[-98.357594,29.501162,0],[-98.351972,29.499706,0],[-98.350909,29.499183,0],[-98.348667,29.496746,0],[-98.347712,29.496204,0],[-98.346468,29.495914,0],[-98.34532,29.49598,0],[-98.344204,29.496353,0],[-98.343077,29.496802,0],[-98.341811,29.497063,0],[-98.340556,29.497063,0],[-98.33929,29.496764,0],[-98.338335,29.496335,0],[-98.337423,29.495718,0],[-98.336522,29.494747,0],[-98.334419,29.491609,0],[-98.327411,29.495158,0],[-98.321628,29.497703,0],[-98.322022,29.498272,0],[-98.32248,29.498664,0],[-98.323129,29.498972,0],[-98.323881,29.499108,0]]},"properties":{"name":"532 | Eisenhauer","styleUrl":"#line-01579B-4875-nodesc","stroke-opacity":1,"stroke":"#01579b","stroke-width":4.875}},{"type":"Feature","geometry":{"type":"LineString","coordinates":[[-98.468822,29.551464,0],[-98.468972,29.551737,0],[-98.467545,29.552941,0],[-98.466617,29.554033,0],[-98.439301,29.58075,0],[-98.438722,29.581907,0],[-98.438571,29.582849,0],[-98.438904,29.588792,0],[-98.438829,29.590677,0],[-98.43855,29.591843,0],[-98.437692,29.593149,0],[-98.43649,29.594101,0],[-98.435374,29.594875,0]]},"properties":{"name":"536 | Hardy Oak Blvd","styleUrl":"#line-01579B-4875-nodesc","stroke-opacity":1,"stroke":"#01579b","stroke-width":4.875}},{"type":"Feature","geometry":{"type":"LineString","coordinates":[[-98.420005,29.59707,0],[-98.419813,29.596401,0],[-98.421361,29.596007,0],[-98.423131,29.59541,0],[-98.424172,29.59444,0],[-98.424365,29.593385,0],[-98.424293,29.593015,0],[-98.426384,29.592756,0],[-98.427135,29.592532,0],[-98.429731,29.591412,0],[-98.431845,29.591161,0],[-98.432671,29.591245,0],[-98.433497,29.591627,0],[-98.434087,29.592289,0],[-98.434946,29.593577,0],[-98.435203,29.594538,0],[-98.436072,29.596189,0],[-98.437091,29.597187,0],[-98.438379,29.597812,0],[-98.440031,29.598251,0],[-98.440986,29.598913,0],[-98.441716,29.599874,0],[-98.442896,29.601422,0],[-98.443282,29.603176,0],[-98.44399,29.606758,0],[-98.444462,29.608372,0],[-98.445106,29.609864,0],[-98.445535,29.610536,0],[-98.44619,29.611348,0],[-98.446468,29.611991,0],[-98.447016,29.614603,0],[-98.447627,29.615442,0],[-98.448464,29.615937,0],[-98.44944,29.616254,0],[-98.450368,29.616326,0],[-98.453415,29.616214,0],[-98.454402,29.616345,0],[-98.455131,29.616736,0],[-98.457846,29.619189,0],[-98.458962,29.619805,0],[-98.462784,29.620788,0],[-98.465355,29.621847,0],[-98.465636,29.621198,0],[-98.467347,29.615748,0],[-98.467857,29.615795,0],[-98.468388,29.615613,0],[-98.468755,29.615261,0],[-98.468872,29.61487,0],[-98.471597,29.615409,0],[-98.472817,29.615337,0],[-98.474953,29.614621,0],[-98.476137,29.614523,0],[-98.477031,29.614642,0],[-98.4781,29.615087,0],[-98.477092,29.616292,0],[-98.476534,29.617243,0],[-98.476448,29.617831,0],[-98.476362,29.61867,0],[-98.475869,29.619836,0],[-98.475793,29.620797,0],[-98.475954,29.621618,0],[-98.476823,29.624891,0],[-98.477092,29.626952,0],[-98.477427,29.6278,0],[-98.478028,29.628546,0],[-98.478929,29.629283,0],[-98.480554,29.630524,0],[-98.480994,29.631028,0],[-98.481327,29.632259,0],[-98.481702,29.633257,0],[-98.482303,29.634087,0],[-98.483076,29.634833,0],[-98.485844,29.63708,0],[-98.488633,29.639691,0],[-98.489202,29.640726,0],[-98.489438,29.642088,0],[-98.489582,29.642719,0],[-98.49456,29.646859,0],[-98.494882,29.647568,0],[-98.494968,29.652743,0],[-98.495182,29.653535,0],[-98.49647,29.657376,0],[-98.497811,29.659903,0],[-98.498583,29.660416,0],[-98.499776,29.660719,0],[-98.501283,29.660887,0],[-98.501948,29.661092,0],[-98.502436,29.661441,0],[-98.5022,29.661707,0],[-98.5019,29.661838,0],[-98.50161,29.661866,0],[-98.501449,29.661688,0],[-98.500044,29.661376,0],[-98.500216,29.660779,0]]},"properties":{"name":"536 | Hardy Oak Blvd","styleUrl":"#line-01579B-4875-nodesc","stroke-opacity":1,"stroke":"#01579b","stroke-width":4.875}},{"type":"Feature","geometry":{"type":"LineString","coordinates":[[-98.400473,29.51031,0],[-98.400441,29.510613,0],[-98.400232,29.510935,0],[-98.399604,29.511463,0],[-98.399304,29.511981,0],[-98.398869,29.514153,0],[-98.398885,29.514522,0],[-98.398789,29.515026,0],[-98.398526,29.515689,0],[-98.39756,29.515661,0],[-98.39712,29.515591,0],[-98.396634,29.517134,0],[-98.395641,29.521737,0],[-98.395463,29.522182,0],[-98.395189,29.522523,0],[-98.394685,29.52292,0],[-98.394462,29.523277,0],[-98.393915,29.523436,0],[-98.393569,29.523491,0],[-98.391719,29.523501,0],[-98.391496,29.523368,0],[-98.391834,29.523043,0],[-98.39237,29.522098,0],[-98.393721,29.520551,0],[-98.394273,29.519785,0],[-98.394893,29.518682,0],[-98.395565,29.517241,0],[-98.396227,29.515186,0],[-98.397184,29.51027,0],[-98.406727,29.510308,0],[-98.406609,29.507791,0],[-98.406716,29.507661,0],[-98.40692,29.507581,0],[-98.407081,29.507418,0],[-98.407124,29.507189,0],[-98.407065,29.505159,0],[-98.408127,29.505289,0],[-98.408393,29.50528,0],[-98.409311,29.504832,0],[-98.409482,29.504692,0],[-98.40952,29.5045,0],[-98.40952,29.503286,0],[-98.406526,29.503291,0],[-98.406602,29.502824,0],[-98.406601,29.496527,0],[-98.407358,29.496536,0],[-98.40732,29.494958,0],[-98.407181,29.493931,0],[-98.407208,29.489009,0],[-98.404813,29.489012,0],[-98.405838,29.484039,0],[-98.372955,29.484137,0],[-98.371857,29.484063,0],[-98.369702,29.482854,0],[-98.367967,29.482289,0],[-98.362206,29.480729,0],[-98.361262,29.480346,0],[-98.361064,29.480189,0],[-98.358444,29.481542,0],[-98.356808,29.479081,0],[-98.357512,29.478441,0],[-98.357791,29.477806,0],[-98.357834,29.477012,0],[-98.35763,29.476479,0],[-98.357233,29.475882,0],[-98.357169,29.475247,0],[-98.35718,29.470175,0],[-98.35704,29.469614,0],[-98.356632,29.469073,0],[-98.356053,29.468736,0],[-98.355602,29.468718,0],[-98.355002,29.468792,0],[-98.354401,29.468699,0],[-98.353585,29.468475,0],[-98.352566,29.468531,0],[-98.35204,29.468372,0],[-98.35145,29.467942,0],[-98.352201,29.466691,0],[-98.352287,29.465887,0],[-98.34865,29.456041,0],[-98.348095,29.455185,0],[-98.347116,29.454033,0],[-98.346201,29.452644,0],[-98.345279,29.450411,0],[-98.357454,29.446528,0],[-98.358452,29.44636,0],[-98.360744,29.445661,0],[-98.360776,29.44929,0],[-98.358818,29.44929,0],[-98.352273,29.451304,0],[-98.351426,29.45178,0],[-98.35079,29.452292,0],[-98.349872,29.453813,0],[-98.349316,29.454471,0],[-98.348095,29.455185,0]]},"properties":{"name":"630 | Rittiman","styleUrl":"#line-01579B-4875-nodesc","stroke-opacity":1,"stroke":"#01579b","stroke-width":4.875}},{"type":"Feature","geometry":{"type":"LineString","coordinates":[[-98.397184,29.51027,0],[-98.396223,29.515129,0],[-98.395565,29.517241,0],[-98.394947,29.518555,0],[-98.394238,29.519795,0],[-98.39375,29.520495,0],[-98.39237,29.522098,0],[-98.391834,29.523043,0],[-98.391496,29.523368,0],[-98.391719,29.523501,0],[-98.393602,29.523487,0],[-98.394524,29.523246,0],[-98.394685,29.52292,0],[-98.395189,29.522523,0],[-98.395463,29.522182,0],[-98.395624,29.521767,0],[-98.396634,29.517134,0],[-98.39729,29.514768,0],[-98.398208,29.510266,0],[-98.380372,29.510307,0],[-98.380377,29.509667,0],[-98.380516,29.508785,0],[-98.380865,29.507823,0],[-98.381359,29.506987,0],[-98.382029,29.505979,0],[-98.382566,29.504942,0],[-98.382963,29.503897,0],[-98.383274,29.502524,0],[-98.38336,29.501599,0],[-98.383358,29.498884,0],[-98.383476,29.498343,0],[-98.383862,29.497811,0],[-98.38413,29.497297,0],[-98.384184,29.496709,0],[-98.384205,29.495308,0],[-98.38398,29.494365,0],[-98.383379,29.493534,0],[-98.382575,29.492955,0],[-98.379227,29.490928,0],[-98.378111,29.490489,0],[-98.376577,29.490237,0],[-98.371781,29.490209,0],[-98.371857,29.484063,0],[-98.369702,29.482854,0],[-98.367468,29.482145,0],[-98.362206,29.480729,0],[-98.361262,29.480346,0],[-98.361137,29.480169,0],[-98.369537,29.476461,0],[-98.371243,29.475863,0],[-98.373453,29.475377,0],[-98.37532,29.475172,0],[-98.375268,29.471792,0],[-98.374914,29.470989,0],[-98.373305,29.46885,0],[-98.372361,29.468439,0],[-98.371363,29.468411,0],[-98.369576,29.468434,0],[-98.368729,29.468504,0],[-98.36874,29.468033,0],[-98.36882,29.467528,0],[-98.368793,29.460406,0],[-98.368096,29.458757,0],[-98.36764,29.458248,0],[-98.367071,29.457879,0],[-98.366395,29.457664,0],[-98.365634,29.457622,0],[-98.359416,29.457668,0],[-98.359588,29.4568,0],[-98.360554,29.454828,0],[-98.360736,29.453969,0],[-98.360768,29.453063,0],[-98.360776,29.44929,0],[-98.358818,29.44929,0],[-98.352273,29.451304,0],[-98.351426,29.45178,0],[-98.35079,29.452292,0],[-98.349872,29.453813,0],[-98.349316,29.454471,0],[-98.348095,29.455185,0],[-98.347169,29.454111,0],[-98.346201,29.452644,0],[-98.345015,29.449771,0],[-98.356931,29.445929,0],[-98.3585,29.445252,0],[-98.362975,29.443839,0],[-98.364751,29.443456,0],[-98.376032,29.439938,0],[-98.377674,29.4392,0],[-98.380732,29.438244,0],[-98.381053,29.43902,0],[-98.381166,29.439536,0],[-98.381269,29.459449,0],[-98.381639,29.459463,0],[-98.382036,29.459402,0],[-98.383447,29.458804,0],[-98.383913,29.45871,0],[-98.385425,29.458682,0],[-98.385854,29.4585,0],[-98.386273,29.458392,0],[-98.395156,29.458355,0],[-98.398191,29.458435,0],[-98.39888,29.458478,0],[-98.401026,29.458851,0],[-98.40145,29.459136,0],[-98.401675,29.459468,0],[-98.401772,29.459846,0],[-98.401745,29.460234,0],[-98.401866,29.460539,0],[-98.402183,29.460955,0],[-98.411341,29.454879,0],[-98.412676,29.456446,0],[-98.426475,29.45645,0],[-98.426314,29.455969,0],[-98.425509,29.456455,0]]},"properties":{"name":"631 | Randolph / Horizon Pointe","styleUrl":"#line-01579B-4875-nodesc","stroke-opacity":1,"stroke":"#01579b","stroke-width":4.875}},{"type":"Feature","geometry":{"type":"LineString","coordinates":[[-98.381088,29.439152,0],[-98.378175,29.440087,0],[-98.376662,29.440386,0],[-98.36481,29.444157,0],[-98.363043,29.444963,0],[-98.358452,29.44636,0],[-98.357454,29.446528,0],[-98.345279,29.450411,0]]},"properties":{"name":"631 | Randolph / Horizon Pointe","styleUrl":"#line-01579B-4875-nodesc","stroke-opacity":1,"stroke":"#01579b","stroke-width":4.875}},{"type":"Feature","geometry":{"type":"LineString","coordinates":[[-98.446498,29.462898,0],[-98.444806,29.463336,0],[-98.443789,29.463692,0],[-98.442609,29.464299,0],[-98.441686,29.464958,0],[-98.440731,29.465845,0],[-98.439997,29.466775,0],[-98.430451,29.484127,0],[-98.430097,29.485575,0],[-98.429981,29.486839,0],[-98.430174,29.487923,0],[-98.430571,29.488987,0],[-98.431161,29.490117,0],[-98.433736,29.494142,0],[-98.434202,29.495062,0],[-98.434412,29.495748,0],[-98.44211,29.495751,0],[-98.442148,29.507405,0],[-98.443001,29.510584,0],[-98.443011,29.510953,0],[-98.445967,29.510668,0],[-98.446546,29.510486,0],[-98.447013,29.510122,0],[-98.447405,29.509497,0],[-98.44756,29.508885,0],[-98.447555,29.50544,0],[-98.447823,29.504935,0],[-98.449068,29.504865,0],[-98.45094,29.50128,0],[-98.459078,29.50127,0],[-98.459013,29.507195,0],[-98.470847,29.50726,0],[-98.475268,29.507625,0],[-98.475399,29.506263,0],[-98.473814,29.503351,0],[-98.473218,29.501786,0],[-98.473293,29.50127,0],[-98.474356,29.499872,0],[-98.474817,29.49811,0],[-98.475353,29.498135,0],[-98.476099,29.498037,0],[-98.476893,29.497818,0],[-98.47841,29.496864,0],[-98.480099,29.497415,0],[-98.481195,29.498336,0],[-98.481587,29.499011,0],[-98.481699,29.50018,0],[-98.482174,29.501335,0],[-98.482165,29.501912,0],[-98.481699,29.502994,0],[-98.481748,29.504244,0],[-98.506663,29.50432,0],[-98.506711,29.50347,0],[-98.506958,29.503083,0],[-98.507382,29.5027,0],[-98.50755,29.502448,0],[-98.507627,29.502105,0],[-98.507622,29.499037,0],[-98.509626,29.499044,0],[-98.510924,29.499133,0],[-98.514438,29.499147,0],[-98.514446,29.498132,0],[-98.514314,29.497798,0],[-98.51378,29.497293,0],[-98.513692,29.49713,0],[-98.513692,29.494996,0],[-98.513864,29.494104,0],[-98.513906,29.48852,0],[-98.518284,29.488552,0],[-98.518901,29.488506,0],[-98.51948,29.48837,0],[-98.520783,29.48838,0],[-98.520809,29.484962,0],[-98.516856,29.484992,0],[-98.516824,29.484694,0],[-98.516848,29.484262,0],[-98.516971,29.48373,0],[-98.516943,29.483498,0],[-98.516082,29.482163,0],[-98.515875,29.482074,0],[-98.515712,29.482079,0],[-98.51572,29.480974,0],[-98.515666,29.480755,0],[-98.515487,29.480632,0],[-98.511324,29.480632,0],[-98.51133,29.474178,0],[-98.514115,29.474166,0],[-98.514768,29.47422,0],[-98.515981,29.47442,0],[-98.518161,29.474495,0],[-98.519266,29.474416,0],[-98.526026,29.474458,0],[-98.527715,29.474327,0],[-98.529486,29.473986,0],[-98.530964,29.473437,0],[-98.532565,29.472623,0],[-98.533482,29.472009,0],[-98.539398,29.472558,0],[-98.53996,29.468057,0],[-98.529114,29.467055,0],[-98.522962,29.460833,0],[-98.522008,29.461539,0],[-98.52178,29.461625,0],[-98.51405,29.461613,0],[-98.513765,29.461569,0],[-98.50772,29.46156,0],[-98.507709,29.45481,0],[-98.504452,29.45481,0],[-98.504468,29.456744,0],[-98.492088,29.456782,0],[-98.491574,29.456847,0],[-98.478158,29.456787,0],[-98.475583,29.456143,0],[-98.474435,29.455965,0],[-98.471688,29.454405,0],[-98.471163,29.45433,0],[-98.469266,29.453277,0],[-98.468848,29.452852,0],[-98.467059,29.452852,0],[-98.467091,29.454832,0],[-98.461319,29.45483,0],[-98.460947,29.454694,0],[-98.460887,29.466916,0],[-98.460704,29.468251,0],[-98.459975,29.471376,0],[-98.45932,29.472852,0],[-98.459268,29.483449,0],[-98.458607,29.483878,0],[-98.457972,29.484108,0],[-98.457093,29.484314,0],[-98.454378,29.484365,0],[-98.453488,29.484488,0],[-98.452581,29.484726,0],[-98.44738,29.487203,0],[-98.447388,29.48655,0],[-98.447334,29.486176,0],[-98.447195,29.48563,0],[-98.447336,29.485061,0],[-98.447361,29.484631,0],[-98.4313,29.484682,0],[-98.430281,29.484766,0]]},"properties":{"name":"650 / 651 | Uptown Loop","styleUrl":"#line-01579B-4875-nodesc","stroke-opacity":1,"stroke":"#01579b","stroke-width":4.875}},{"type":"Feature","geometry":{"type":"LineString","coordinates":[[-98.533956,29.472054,0],[-98.533114,29.471192,0],[-98.531687,29.472171,0],[-98.530303,29.472834,0],[-98.529132,29.473219,0],[-98.527552,29.473531,0],[-98.52604,29.473644,0],[-98.51919,29.473606,0],[-98.518734,29.473685,0],[-98.518385,29.47412,0],[-98.517977,29.474339,0],[-98.517371,29.474461,0]]},"properties":{"name":"650 / 651 | Uptown Loop","styleUrl":"#line-01579B-4875-nodesc","stroke-opacity":1,"stroke":"#01579b","stroke-width":4.875}},{"type":"Feature","geometry":{"type":"LineString","coordinates":[[-98.468995,29.551626,0],[-98.468,29.552849,0],[-98.471112,29.555197,0],[-98.471745,29.555897,0],[-98.472018,29.55669,0],[-98.472651,29.557353,0],[-98.480218,29.563291,0],[-98.480604,29.562853,0],[-98.481033,29.561836,0],[-98.481114,29.56135,0],[-98.48135,29.561028,0],[-98.481704,29.560772,0],[-98.482111,29.56065,0],[-98.482524,29.560725,0],[-98.4829,29.560856,0],[-98.483023,29.560944,0],[-98.481843,29.564341,0],[-98.480325,29.563161,0],[-98.467037,29.576444,0],[-98.464001,29.579416,0],[-98.463813,29.579803,0],[-98.463808,29.580228,0],[-98.464141,29.580913,0],[-98.464189,29.581226,0],[-98.464173,29.581772,0],[-98.464586,29.582807,0],[-98.464586,29.583204,0],[-98.464398,29.583587,0],[-98.462821,29.585112,0],[-98.461035,29.583694,0],[-98.460783,29.583269,0],[-98.460214,29.582341,0],[-98.459785,29.58207,0],[-98.459259,29.581893,0],[-98.458546,29.581702,0],[-98.458245,29.581492,0],[-98.457446,29.580853,0],[-98.457027,29.580619,0],[-98.456775,29.580414,0],[-98.456244,29.58082,0],[-98.456003,29.581324,0],[-98.455692,29.581581,0],[-98.45522,29.581865,0],[-98.45478,29.58249,0],[-98.450944,29.586311,0],[-98.450778,29.586684,0],[-98.450778,29.587351,0],[-98.45057,29.587816,0],[-98.450157,29.588222,0],[-98.449728,29.588479,0],[-98.449014,29.588656,0],[-98.448655,29.588917,0],[-98.448392,29.58936,0],[-98.448397,29.589836,0],[-98.448569,29.590265,0],[-98.449025,29.590909,0],[-98.44925,29.591343,0],[-98.44969,29.591735,0],[-98.452287,29.593059,0],[-98.452555,29.593344,0],[-98.453456,29.594907,0],[-98.454701,29.597136,0],[-98.455124,29.597617,0],[-98.455677,29.597887,0],[-98.456348,29.598144,0],[-98.45683,29.598587,0],[-98.457099,29.599114,0],[-98.457104,29.599674,0],[-98.456981,29.600112,0],[-98.456873,29.600579,0],[-98.457034,29.601176,0],[-98.457517,29.601698,0],[-98.458193,29.601969,0],[-98.460526,29.602757,0],[-98.461524,29.603233,0],[-98.462522,29.60368,0],[-98.46352,29.603858,0],[-98.464346,29.603858,0],[-98.465397,29.603708,0],[-98.466942,29.603326,0],[-98.467629,29.60327,0],[-98.468841,29.602887,0],[-98.469118,29.602866,0],[-98.46971,29.602906,0],[-98.467091,29.61119,0],[-98.467003,29.612325,0],[-98.466176,29.615217,0],[-98.465548,29.615054,0],[-98.46521,29.614812,0],[-98.465087,29.614397,0],[-98.465194,29.61393,0],[-98.468672,29.614666,0],[-98.46849,29.615165,0],[-98.468232,29.615412,0],[-98.467819,29.615557,0],[-98.467074,29.615417,0],[-98.469009,29.608813,0],[-98.46358,29.607591,0],[-98.462271,29.607246,0],[-98.459911,29.60649,0],[-98.457754,29.605763,0],[-98.459256,29.60232,0]]},"properties":{"name":"648 | Northwoods","styleUrl":"#line-01579B-4875-nodesc","stroke-opacity":1,"stroke":"#01579b","stroke-width":4.875}},{"type":"Feature","geometry":{"type":"LineString","coordinates":[[-98.619137,29.586587,0],[-98.619351,29.587967,0],[-98.611691,29.588928,0],[-98.608796,29.589353,0],[-98.605126,29.589771,0],[-98.602392,29.589858,0],[-98.599707,29.590169,0],[-98.598363,29.590404,0],[-98.596284,29.590584,0],[-98.595152,29.590874,0],[-98.589378,29.591586,0],[-98.580323,29.592575,0],[-98.578017,29.593042,0],[-98.57602,29.593634,0],[-98.561866,29.599918,0],[-98.560568,29.600385,0],[-98.559206,29.600674,0],[-98.557897,29.60079,0],[-98.546792,29.60142,0],[-98.544786,29.601448,0],[-98.542415,29.601639,0],[-98.538907,29.601868,0],[-98.537432,29.60184,0],[-98.536219,29.602017,0],[-98.53476,29.602376,0],[-98.533043,29.602987,0],[-98.531938,29.603556,0],[-98.529862,29.604755,0],[-98.527502,29.606135,0],[-98.52622,29.606854,0],[-98.524568,29.607521,0],[-98.52286,29.607927,0],[-98.520945,29.608104,0],[-98.514901,29.608081,0],[-98.511439,29.608309,0],[-98.508665,29.608421,0],[-98.506444,29.608393,0],[-98.503649,29.608178,0],[-98.494504,29.608096,0],[-98.49257,29.608234,0],[-98.493891,29.616151,0],[-98.49207,29.616358,0],[-98.48781,29.616106,0],[-98.486362,29.615752,0],[-98.484248,29.614987,0],[-98.482907,29.61495,0],[-98.480987,29.615537,0],[-98.479817,29.615575,0],[-98.478863,29.615258,0],[-98.477092,29.614502,0],[-98.476116,29.614381,0],[-98.474893,29.614483,0],[-98.472747,29.615192,0],[-98.471653,29.615267,0],[-98.468672,29.614666,0],[-98.46849,29.615165,0],[-98.468232,29.615412,0],[-98.467819,29.615557,0],[-98.467074,29.615417,0],[-98.469009,29.608813,0],[-98.46358,29.607591,0],[-98.462271,29.607246,0],[-98.454774,29.604779,0],[-98.452473,29.604648,0],[-98.442092,29.602181,0],[-98.437082,29.600767,0],[-98.433456,29.599923,0],[-98.431669,29.599709,0],[-98.429862,29.599629,0],[-98.422802,29.600114,0],[-98.421129,29.600187,0],[-98.417857,29.600308,0],[-98.414713,29.60056,0],[-98.412863,29.600811,0],[-98.409591,29.601039,0],[-98.40642,29.601543,0],[-98.399677,29.602037,0],[-98.397617,29.602112,0],[-98.393817,29.602163,0],[-98.38974,29.601855,0],[-98.383324,29.602005,0],[-98.380975,29.602163,0],[-98.373066,29.602303,0],[-98.36974,29.602208,0],[-98.363771,29.602328,0],[-98.36243,29.602524,0],[-98.361829,29.602534,0],[-98.361279,29.602459,0],[-98.36066,29.6023,0],[-98.36007,29.602086,0],[-98.35941,29.601706,0],[-98.358723,29.601153,0],[-98.358195,29.600593,0],[-98.357122,29.599061,0],[-98.355996,29.597155,0],[-98.352345,29.591875,0],[-98.351785,29.592163,0],[-98.352478,29.593236,0],[-98.352392,29.593695,0],[-98.352212,29.593982,0],[-98.352207,29.594235,0],[-98.352403,29.594266,0],[-98.353483,29.595332,0],[-98.352759,29.595833,0],[-98.352914,29.59476,0],[-98.352403,29.594266,0],[-98.352207,29.594235,0],[-98.352212,29.593982,0],[-98.352365,29.593735,0],[-98.352488,29.593757,0],[-98.352566,29.593827,0],[-98.353451,29.595126,0],[-98.355584,29.59729,0],[-98.358067,29.600779,0],[-98.358781,29.601497,0],[-98.359795,29.602174,0],[-98.360508,29.602519,0],[-98.361608,29.602841,0],[-98.36296,29.602976,0],[-98.398736,29.602291,0],[-98.400624,29.602179,0],[-98.406745,29.601725,0],[-98.410565,29.601743,0],[-98.414888,29.601463,0],[-98.418397,29.601193,0],[-98.41803,29.597147,0],[-98.418834,29.596742,0],[-98.419698,29.596436,0],[-98.419876,29.597103,0],[-98.419698,29.596436,0],[-98.418834,29.596742,0],[-98.41803,29.597147,0],[-98.418386,29.601184,0],[-98.421336,29.601016,0],[-98.423353,29.600782,0],[-98.428493,29.600391,0],[-98.430284,29.600363,0],[-98.432333,29.600549,0],[-98.433964,29.60081,0],[-98.43847,29.601893,0],[-98.442376,29.60248,0],[-98.45098,29.604542,0],[-98.45643,29.605885,0],[-98.462541,29.607895,0],[-98.464536,29.608772,0],[-98.467599,29.609425,0],[-98.467266,29.609971,0],[-98.46693,29.61116,0],[-98.467003,29.612325,0],[-98.466176,29.615217,0],[-98.465548,29.615054,0],[-98.46521,29.614812,0],[-98.465087,29.614397,0],[-98.465194,29.61393,0],[-98.468672,29.614666,0],[-98.46849,29.615165,0],[-98.468232,29.615412,0],[-98.467819,29.615557,0],[-98.467074,29.615417,0],[-98.468746,29.609697,0],[-98.470666,29.610135,0],[-98.473427,29.610531,0],[-98.475922,29.610704,0],[-98.477681,29.610667,0],[-98.481683,29.610377,0],[-98.482871,29.610218,0],[-98.484675,29.609876,0],[-98.486628,29.609661,0],[-98.491327,29.609391,0],[-98.494759,29.609119,0],[-98.496539,29.60889,0],[-98.497666,29.608825,0],[-98.501625,29.608858,0],[-98.503241,29.608935,0],[-98.504121,29.60886,0],[-98.505424,29.608907,0],[-98.509013,29.60893,0],[-98.511411,29.609024,0],[-98.513347,29.608976,0],[-98.519236,29.609023,0],[-98.521769,29.608995,0],[-98.523207,29.608901,0],[-98.524303,29.608701,0],[-98.525274,29.608398,0],[-98.526207,29.608024,0],[-98.527087,29.607581,0],[-98.530805,29.605389,0],[-98.53295,29.604139,0],[-98.534538,29.603477,0],[-98.535777,29.603108,0],[-98.53795,29.602656,0],[-98.539661,29.602521,0],[-98.544272,29.602309,0],[-98.546471,29.602071,0],[-98.55845,29.601376,0],[-98.559845,29.601334,0],[-98.56147,29.601055,0],[-98.562903,29.600546,0],[-98.566245,29.599051,0],[-98.575109,29.594773,0],[-98.576863,29.594089,0],[-98.578269,29.593697,0],[-98.580039,29.593352,0],[-98.582609,29.593044,0],[-98.583842,29.592821,0],[-98.593178,29.591789,0],[-98.595061,29.591714,0],[-98.596215,29.591672,0],[-98.596688,29.591554,0],[-98.599183,29.591256,0],[-98.600857,29.591209,0],[-98.60525,29.59048,0],[-98.610024,29.589889,0],[-98.613624,29.589609,0],[-98.628108,29.587946,0],[-98.629851,29.587813,0],[-98.633294,29.587484,0],[-98.635065,29.586962,0],[-98.63677,29.586141,0],[-98.63823,29.585049,0],[-98.640762,29.582455,0],[-98.643165,29.57961,0],[-98.646652,29.57591,0],[-98.650332,29.571874,0],[-98.651413,29.570255,0],[-98.655195,29.565538,0],[-98.659977,29.560499,0],[-98.662241,29.558511,0],[-98.663839,29.557484,0],[-98.667806,29.553962,0],[-98.671939,29.549592,0],[-98.672958,29.548155,0],[-98.676415,29.544687,0],[-98.67932,29.541416,0],[-98.680329,29.540492,0],[-98.681273,29.539372,0],[-98.681895,29.53842,0],[-98.683078,29.535745,0],[-98.683587,29.534397,0],[-98.684102,29.532427,0],[-98.684542,29.531279,0],[-98.685164,29.529897,0],[-98.686001,29.528784,0],[-98.689349,29.525442,0],[-98.690368,29.524247,0],[-98.691033,29.523139,0],[-98.692642,29.519859,0],[-98.693741,29.517157,0],[-98.701826,29.500905,0],[-98.703124,29.497572,0],[-98.709944,29.484491,0],[-98.710566,29.482604,0],[-98.710706,29.481661,0],[-98.710856,29.478401,0],[-98.711274,29.47573,0],[-98.711612,29.468996,0],[-98.711973,29.466684,0],[-98.712021,29.465371,0],[-98.708322,29.465278,0],[-98.707453,29.46547,0],[-98.70638,29.465904,0],[-98.704662,29.467272,0],[-98.706175,29.468468,0],[-98.705917,29.46915,0],[-98.705998,29.469729,0],[-98.706271,29.470004,0],[-98.707109,29.469764,0],[-98.708717,29.469794,0],[-98.708728,29.469252,0],[-98.710708,29.469327,0],[-98.710573,29.477304,0],[-98.710364,29.481553,0],[-98.710246,29.482469,0],[-98.709983,29.483403,0],[-98.709651,29.484304,0],[-98.70338,29.496244,0],[-98.702839,29.497454,0],[-98.702194,29.499212,0],[-98.701454,29.500809,0],[-98.693349,29.517094,0],[-98.691697,29.520035,0],[-98.690291,29.522948,0],[-98.689815,29.52375,0],[-98.688888,29.524852,0],[-98.686612,29.527037,0],[-98.685454,29.528229,0],[-98.684698,29.529185,0],[-98.684,29.530444,0],[-98.683013,29.532838,0],[-98.682378,29.534016,0],[-98.681477,29.535974,0],[-98.680694,29.537907,0],[-98.679997,29.539176,0],[-98.678806,29.540744,0],[-98.672786,29.547018,0],[-98.671205,29.54846,0],[-98.667627,29.552249,0],[-98.666704,29.553222,0],[-98.663378,29.55619,0],[-98.662102,29.557525,0],[-98.658561,29.560847,0],[-98.654763,29.564888,0],[-98.653529,29.565905,0],[-98.652834,29.5668,0],[-98.64978,29.571199,0],[-98.647754,29.573715,0],[-98.646237,29.575795,0],[-98.642531,29.579692,0],[-98.639834,29.582657,0],[-98.638268,29.584281,0],[-98.637281,29.585102,0],[-98.636026,29.585867,0],[-98.634137,29.586548,0],[-98.631423,29.586949,0],[-98.626446,29.58713,0],[-98.619351,29.587967,0],[-98.619521,29.588921,0]]},"properties":{"name":"555 | Loop 1604 Skip","description":{"@type":"html","value":"Northwest Vista College to Rolling Oaks Mall via Loop 1604. Limited stop service at stops indicated on the \"Express Stops\" layer.<br><br>Estimated bus count: 7"},"styleUrl":"#line-01579B-4875","stroke-opacity":1,"stroke":"#01579b","stroke-width":4.875}},{"type":"Feature","geometry":{"type":"LineString","coordinates":[[-98.390123,29.423548,0],[-98.39012,29.4245,0],[-98.389935,29.426146,0],[-98.389832,29.427798,0],[-98.390155,29.433595,0],[-98.390305,29.434412,0],[-98.390858,29.436174,0],[-98.378175,29.440087,0],[-98.376662,29.440386,0],[-98.36481,29.444157,0],[-98.363043,29.444963,0],[-98.358452,29.44636,0],[-98.357454,29.446528,0],[-98.345279,29.450411,0],[-98.346201,29.452644,0],[-98.347169,29.454111,0],[-98.348095,29.455185,0],[-98.349316,29.454471,0],[-98.349893,29.453756,0],[-98.35079,29.452292,0],[-98.351426,29.45178,0],[-98.352273,29.451304,0],[-98.358818,29.44929,0],[-98.360776,29.44929,0],[-98.360733,29.444563,0],[-98.362975,29.443839,0],[-98.364751,29.443456,0],[-98.376032,29.439938,0],[-98.377674,29.4392,0],[-98.389212,29.435474,0],[-98.388747,29.433986,0],[-98.388634,29.427884,0],[-98.388294,29.423718,0],[-98.388391,29.42311,0],[-98.391684,29.423888,0],[-98.392531,29.423973,0],[-98.404749,29.423989,0],[-98.406348,29.424086,0],[-98.411776,29.424853,0],[-98.422137,29.4248,0],[-98.422888,29.423884,0],[-98.4241,29.421632,0],[-98.426632,29.418053,0],[-98.428269,29.416356,0],[-98.442729,29.403939,0],[-98.443585,29.403288,0],[-98.444746,29.40263,0],[-98.445776,29.402266,0],[-98.447078,29.401923,0],[-98.449186,29.401764,0],[-98.466566,29.401759,0],[-98.467827,29.401708,0],[-98.469646,29.40139,0],[-98.470745,29.401025,0],[-98.472403,29.400137,0],[-98.473712,29.399114,0],[-98.474801,29.398137,0],[-98.475496,29.397623,0],[-98.476531,29.397156,0],[-98.476971,29.397091,0],[-98.477406,29.397123,0],[-98.478328,29.397507,0],[-98.47894,29.397983,0],[-98.480335,29.400285,0],[-98.480662,29.401323,0],[-98.480818,29.402426,0],[-98.480818,29.403379,0],[-98.480727,29.40408,0],[-98.479627,29.40858,0],[-98.479552,29.409352,0],[-98.479627,29.410253,0],[-98.480065,29.412098,0],[-98.48022,29.413095,0],[-98.480252,29.417389,0],[-98.480043,29.418557,0],[-98.479659,29.419715,0],[-98.479584,29.420191,0],[-98.47964,29.420796,0],[-98.479885,29.421649,0],[-98.480244,29.422043,0],[-98.48988,29.424185,0],[-98.489735,29.424687,0],[-98.489715,29.430221,0],[-98.490503,29.431298,0],[-98.489004,29.432183,0],[-98.491536,29.435405,0],[-98.493102,29.4345,0],[-98.491856,29.43295,0],[-98.490321,29.433856,0]]},"properties":{"name":"23 | Eastside Express","styleUrl":"#line-01579B-4875-nodesc","stroke-opacity":1,"stroke":"#01579b","stroke-width":4.875}},{"type":"Feature","geometry":{"type":"LineString","coordinates":[[-98.490893,29.431424,0],[-98.491397,29.430806,0],[-98.491343,29.425406,0],[-98.491419,29.424834,0],[-98.491656,29.423979,0],[-98.490485,29.423595,0],[-98.480956,29.421391,0],[-98.480859,29.420716,0],[-98.480832,29.419876,0],[-98.481015,29.418703,0],[-98.480822,29.418138,0],[-98.480677,29.417311,0],[-98.480526,29.413647,0],[-98.480291,29.411951,0],[-98.480075,29.411031,0],[-98.479815,29.409428,0],[-98.479869,29.408592,0],[-98.480937,29.404199,0],[-98.481077,29.402511,0],[-98.480928,29.401278,0],[-98.4806,29.400194,0],[-98.479979,29.398408,0],[-98.479808,29.397085,0],[-98.479459,29.396105,0],[-98.479083,29.395661,0],[-98.47859,29.395348,0],[-98.477866,29.395016,0],[-98.477265,29.394885,0],[-98.476653,29.394988,0],[-98.476203,29.39524,0],[-98.47582,29.395716,0],[-98.475156,29.397049,0],[-98.474749,29.397601,0],[-98.47374,29.39876,0],[-98.472892,29.39953,0],[-98.472158,29.400054,0],[-98.470398,29.400933,0],[-98.469454,29.401223,0],[-98.468548,29.401391,0],[-98.466563,29.401517,0],[-98.448093,29.401554,0],[-98.446961,29.401708,0],[-98.445738,29.402012,0],[-98.444761,29.402381,0],[-98.443522,29.403045,0],[-98.442421,29.403838,0],[-98.428057,29.41619,0],[-98.426458,29.417872,0],[-98.423754,29.421606,0],[-98.422108,29.423185,0],[-98.420724,29.424797,0]]},"properties":{"name":"23 | Eastside Express","styleUrl":"#line-01579B-4875-nodesc","stroke-opacity":1,"stroke":"#01579b","stroke-width":4.875}},{"type":"Feature","geometry":{"type":"LineString","coordinates":[[-98.532302,29.35092,0],[-98.532109,29.351124,0],[-98.532034,29.351287,0],[-98.53209,29.35146,0],[-98.532222,29.35161,0],[-98.532388,29.351664,0],[-98.532579,29.351633,0],[-98.551261,29.343892,0],[-98.551073,29.34349,0],[-98.550928,29.342891,0],[-98.550858,29.34233,0],[-98.550864,29.341589,0],[-98.550992,29.341042,0],[-98.551597,29.339164,0],[-98.551629,29.338444,0],[-98.550972,29.336249,0],[-98.550922,29.334443,0],[-98.552209,29.334439,0],[-98.552182,29.325534,0],[-98.551485,29.325539,0],[-98.55273,29.322069,0],[-98.552931,29.321294,0],[-98.553408,29.318786,0],[-98.553647,29.318524,0],[-98.555407,29.308829,0],[-98.554834,29.308751,0],[-98.553562,29.315843,0],[-98.55375,29.315875,0],[-98.552787,29.32128,0],[-98.552578,29.322019,0],[-98.551323,29.325546,0],[-98.55113,29.325538,0],[-98.550936,29.326298,0],[-98.550727,29.327384,0],[-98.550588,29.328651,0],[-98.550561,29.330178,0],[-98.550561,29.339164,0],[-98.550443,29.339847,0],[-98.550223,29.340563,0],[-98.549852,29.341224,0],[-98.54893,29.342358,0],[-98.545899,29.34503,0],[-98.545197,29.345505,0],[-98.544542,29.34588,0],[-98.53283,29.350689,0],[-98.533207,29.351342,0],[-98.53197,29.351907,0],[-98.530999,29.352445,0],[-98.530055,29.353062,0],[-98.528483,29.353969,0],[-98.527683,29.354681,0],[-98.526733,29.355681,0],[-98.526105,29.356477,0],[-98.516762,29.370933,0],[-98.51588,29.372462,0],[-98.515136,29.373949,0],[-98.514631,29.375076,0],[-98.513558,29.3781,0],[-98.512974,29.380488,0],[-98.512705,29.382008,0],[-98.512014,29.389673,0],[-98.511676,29.392557,0],[-98.511456,29.394052,0],[-98.511305,29.39574,0],[-98.511327,29.396866,0],[-98.511385,29.397745,0],[-98.511526,29.398922,0],[-98.511923,29.401394,0],[-98.511938,29.402092,0],[-98.511771,29.402924,0],[-98.509412,29.408493,0],[-98.50862,29.410116,0],[-98.508274,29.410735,0],[-98.50777,29.411478,0],[-98.507322,29.412027,0],[-98.506174,29.413142,0],[-98.505042,29.414716,0],[-98.50521,29.414903,0],[-98.505232,29.415235,0],[-98.504077,29.423917,0],[-98.503923,29.424842,0],[-98.503422,29.430045,0],[-98.495552,29.429355,0],[-98.493365,29.429324,0],[-98.491899,29.429234,0],[-98.491386,29.429235,0],[-98.491397,29.430806,0],[-98.490893,29.431424,0],[-98.488874,29.43226,0],[-98.491846,29.436049,0],[-98.493597,29.435036,0],[-98.493913,29.434985,0],[-98.494224,29.435013,0],[-98.494503,29.434919,0],[-98.495624,29.434261,0],[-98.496005,29.434205,0],[-98.496842,29.434219,0],[-98.497598,29.433994,0],[-98.498612,29.433294,0],[-98.499165,29.432845,0],[-98.499717,29.432228,0],[-98.500179,29.431448,0],[-98.500442,29.430682,0],[-98.500619,29.429607,0],[-98.502173,29.417026,0],[-98.502554,29.41619,0],[-98.503197,29.415381,0],[-98.506706,29.412401,0],[-98.507567,29.411393,0],[-98.508527,29.409868,0],[-98.511569,29.40286,0],[-98.511703,29.402056,0],[-98.511698,29.401434,0],[-98.51138,29.398939,0],[-98.51122,29.397724,0],[-98.511181,29.396855,0],[-98.511172,29.395719,0],[-98.511274,29.394073,0],[-98.51148,29.392536,0],[-98.511818,29.389657,0],[-98.512492,29.382161,0],[-98.512798,29.380391,0],[-98.513367,29.378064,0],[-98.513926,29.376389,0],[-98.514472,29.374972,0],[-98.514938,29.37394,0],[-98.51571,29.372388,0],[-98.516633,29.370817,0],[-98.525847,29.356504,0],[-98.526571,29.355564,0],[-98.527265,29.354853,0],[-98.528108,29.353689,0],[-98.529452,29.352637,0],[-98.530607,29.351826,0],[-98.531723,29.35119,0],[-98.532886,29.350663,0]]},"properties":{"name":"48 | Madla Express","description":{"@type":"html","value":"Express service from Downtown to Madla TC via Centro Plaza and Interstate 35. Operates with a base frequency of 30 minutes. Select trips continue to Kings Point at a 60 minute frequency during peak hours only.<br><br>Estimated bus count: 3 midday, 4 peak"},"styleUrl":"#line-01579B-4875","stroke-opacity":1,"stroke":"#01579b","stroke-width":4.875}},{"type":"Feature","geometry":{"type":"LineString","coordinates":[[-98.393178,29.423977,0],[-98.404749,29.423989,0],[-98.406348,29.424086,0],[-98.411776,29.424853,0],[-98.424973,29.424783,0],[-98.434033,29.420961,0],[-98.435659,29.420452,0],[-98.437262,29.420073,0],[-98.439015,29.419825,0],[-98.439732,29.419808,0],[-98.439619,29.418795,0],[-98.439259,29.417673,0],[-98.439013,29.417337,0],[-98.438589,29.417098,0],[-98.438358,29.416795,0],[-98.437752,29.415168,0],[-98.437521,29.414173,0],[-98.437242,29.413444,0],[-98.432631,29.413445,0],[-98.432142,29.413342,0],[-98.431386,29.412688,0],[-98.430692,29.413262,0],[-98.430178,29.413444,0],[-98.420892,29.413477,0],[-98.4177,29.41314,0],[-98.414814,29.413164,0],[-98.414213,29.413309,0],[-98.413478,29.41358,0],[-98.41292,29.413608,0],[-98.412234,29.413477,0],[-98.407808,29.413482,0],[-98.406992,29.413612,0],[-98.405555,29.413594,0],[-98.40549,29.409108,0],[-98.397959,29.409098,0],[-98.397991,29.398265,0],[-98.385626,29.398261,0],[-98.385658,29.399074,0],[-98.386844,29.399079,0],[-98.386672,29.398265,0]]},"properties":{"name":"25 | East Commerce Frequent","styleUrl":"#line-01579B-4875-nodesc","stroke-opacity":1,"stroke":"#01579b","stroke-width":4.875}},{"type":"Feature","geometry":{"type":"LineString","coordinates":[[-98.50345,29.430005,0],[-98.503696,29.426919,0],[-98.504999,29.427027,0],[-98.504669,29.430162,0],[-98.495552,29.429355,0],[-98.495277,29.428844,0],[-98.494676,29.428451,0],[-98.492262,29.428676,0],[-98.491294,29.428611,0],[-98.486973,29.428629,0],[-98.485078,29.430282,0],[-98.482082,29.427687,0],[-98.481851,29.427621,0],[-98.479239,29.427617,0],[-98.478601,29.427673,0],[-98.477336,29.427689,0],[-98.476234,29.42757,0],[-98.470231,29.427613,0],[-98.470262,29.430189,0],[-98.456792,29.430231,0],[-98.456291,29.429992,0],[-98.452122,29.429985,0],[-98.452145,29.425096,0],[-98.434886,29.42505,0],[-98.43458,29.426381,0],[-98.433663,29.434445,0],[-98.433658,29.43488,0],[-98.433754,29.435534,0],[-98.430289,29.435548,0],[-98.430267,29.439402,0],[-98.422854,29.439402,0],[-98.422891,29.435557,0],[-98.405543,29.435641,0],[-98.40521,29.440528,0],[-98.404953,29.440514,0],[-98.404749,29.440584,0],[-98.403907,29.441425,0],[-98.39616,29.441425,0],[-98.396268,29.44008,0],[-98.405253,29.440084,0]]},"properties":{"name":"24 | Dignowity Hill","styleUrl":"#line-01579B-4875-nodesc","stroke-opacity":1,"stroke":"#01579b","stroke-width":4.875}}]}